ordinal,card_id,recipe_id,material_a_id,material_a_name_ko,material_b_id,material_b_name_ko,branch,actor_id,actor_modifier_form,receptor_id,receptor_noun_form,rule_type,rule_key,law_pair,rule_text_ko,generated_name_ko,result_class,flag_count,flags
1,forge__burn_01__burn_02,burn_01|burn_02,burn_01,잉걸,burn_02,꺼진 심지,LAW,burn_01,달군,burn_02,심지,LAW,BURN|BURN,BURN|BURN,점화가 겹치면 남김없이 탄다.,달군 심지,BURNOUT,0,
2,forge__burn_01__burn_03,burn_01|burn_03,burn_01,잉걸,burn_03,눌어붙은 재,LAW,burn_01,달군,burn_03,재,LAW,BURN|BURN,BURN|BURN,점화가 겹치면 남김없이 탄다.,달군 재,BURNOUT,0,
3,forge__burn_01__burn_04,burn_01|burn_04,burn_01,잉걸,burn_04,남은 열,LAW,burn_01,달군,burn_04,열,LAW,BURN|BURN,BURN|BURN,점화가 겹치면 남김없이 탄다.,달군 열,BURNOUT,0,
4,forge__burn_01__burn_05,burn_01|burn_05,burn_01,잉걸,burn_05,첫 불티,LAW,burn_01,달군,burn_05,불티,LAW,BURN|BURN,BURN|BURN,점화가 겹치면 남김없이 탄다.,달군 불티,BURNOUT,0,
5,forge__burn_01__join_01,burn_01|join_01,burn_01,잉걸,join_01,엉킨 실,LAW,burn_01,달군,join_01,실,LAW,BURN|JOIN,BURN|JOIN,이어붙이면 더 크게 탄다.,달군 실,KINDLED,0,
6,forge__burn_01__join_02,burn_01|join_02,burn_01,잉걸,join_02,붙은 손,LAW,burn_01,달군,join_02,손,LAW,BURN|JOIN,BURN|JOIN,이어붙이면 더 크게 탄다.,달군 손,KINDLED,0,
7,forge__burn_01__join_03,burn_01|join_03,burn_01,잉걸,join_03,자란 매듭,LAW,burn_01,달군,join_03,매듭,LAW,BURN|JOIN,BURN|JOIN,이어붙이면 더 크게 탄다.,달군 매듭,KINDLED,0,
8,forge__burn_01__join_04,burn_01|join_04,burn_01,잉걸,join_04,이어진 그림자,LAW,burn_01,달군,join_04,그림자,LAW,BURN|JOIN,BURN|JOIN,이어붙이면 더 크게 탄다.,달군 그림자,KINDLED,0,
9,forge__burn_01__join_05,burn_01|join_05,burn_01,잉걸,join_05,겹친 소리,LAW,burn_01,달군,join_05,소리,LAW,BURN|JOIN,BURN|JOIN,이어붙이면 더 크게 탄다.,달군 소리,KINDLED,0,
10,forge__burn_01__odd_01,burn_01|odd_01,burn_01,잉걸,odd_01,걸어다니는 주전자,LAW,burn_01,달군,odd_01,주전자,LAW,BURN|JOIN,BURN|JOIN,이어붙이면 더 크게 탄다.,달군 주전자,KINDLED,0,
11,forge__burn_01__odd_02,burn_01|odd_02,burn_01,잉걸,odd_02,두 번 접힌 사다리,LAW,odd_02,두 번 접힌,burn_01,잉걸,LAW,STILL|BURN,STILL|BURN,터지려는 것을 붙잡으면 눌린다.,두 번 접힌 잉걸,PRESSED_FIRE,0,
12,forge__burn_01__odd_03,burn_01|odd_03,burn_01,잉걸,odd_03,스스로 켜지는 초,LAW,burn_01,달군,odd_03,초,LAW,BURN|BURN,BURN|BURN,점화가 겹치면 남김없이 탄다.,달군 초,BURNOUT,0,
13,forge__burn_01__odd_04,burn_01|odd_04,burn_01,잉걸,odd_04,뒤집힌 장갑,LAW,burn_01,달군,odd_04,장갑,LAW,BURN|WASH,BURN|WASH,불로 씻으면 태워서 없앤다.,달군 장갑,SEARING,0,
14,forge__burn_01__odd_05,burn_01|odd_05,burn_01,잉걸,odd_05,노래하는 못,LAW,burn_01,달군,odd_05,못,LAW,BURN|JOIN,BURN|JOIN,이어붙이면 더 크게 탄다.,달군 못,KINDLED,0,
15,forge__burn_01__odd_06,burn_01|odd_06,burn_01,잉걸,odd_06,자기를 재는 자,LAW,burn_01,달군,odd_06,자,LAW,BURN|ROT,BURN|ROT,무너지는 것을 태우면 재만 남는다.,달군 자,INCINERATION,0,
16,forge__burn_01__ore_burn,burn_01|ore_burn,burn_01,잉걸,ore_burn,타는 조각,LAW,burn_01,달군,ore_burn,불씨,LAW,BURN|BURN,BURN|BURN,점화가 겹치면 남김없이 탄다.,달군 불씨,BURNOUT,0,
17,forge__burn_01__ore_join,burn_01|ore_join,burn_01,잉걸,ore_join,엉긴 조각,LAW,burn_01,달군,ore_join,뭉치,LAW,BURN|JOIN,BURN|JOIN,이어붙이면 더 크게 탄다.,달군 뭉치,KINDLED,0,
18,forge__burn_01__ore_rot,burn_01|ore_rot,burn_01,잉걸,ore_rot,삭은 조각,LAW,burn_01,달군,ore_rot,부스러기,LAW,BURN|ROT,BURN|ROT,무너지는 것을 태우면 재만 남는다.,달군 부스러기,INCINERATION,0,
19,forge__burn_01__ore_scatter,burn_01|ore_scatter,burn_01,잉걸,ore_scatter,흩어지는 조각,LAW,burn_01,달군,ore_scatter,티끌,LAW,BURN|SCATTER,BURN|SCATTER,달아나는 것에 불이 붙으면 터진다.,달군 티끌,BLAST,0,
20,forge__burn_01__ore_still,burn_01|ore_still,burn_01,잉걸,ore_still,굳은 조각,LAW,ore_still,굳은,burn_01,잉걸,LAW,STILL|BURN,STILL|BURN,터지려는 것을 붙잡으면 눌린다.,굳은 잉걸,PRESSED_FIRE,0,
21,forge__burn_01__ore_wash,burn_01|ore_wash,burn_01,잉걸,ore_wash,씻긴 조각,LAW,burn_01,달군,ore_wash,속살,LAW,BURN|WASH,BURN|WASH,불로 씻으면 태워서 없앤다.,달군 속살,SEARING,0,
22,forge__burn_01__rot_01,burn_01|rot_01,burn_01,잉걸,rot_01,딱지,LAW,burn_01,달군,rot_01,딱지,LAW,BURN|ROT,BURN|ROT,무너지는 것을 태우면 재만 남는다.,달군 딱지,INCINERATION,0,
23,forge__burn_01__rot_02,burn_01|rot_02,burn_01,잉걸,rot_02,무른 뿌리,LAW,burn_01,달군,rot_02,뿌리,LAW,BURN|ROT,BURN|ROT,무너지는 것을 태우면 재만 남는다.,달군 뿌리,INCINERATION,0,
24,forge__burn_01__rot_03,burn_01|rot_03,burn_01,잉걸,rot_03,곰팡이 꽃,LAW,burn_01,달군,rot_03,곰팡이,LAW,BURN|ROT,BURN|ROT,무너지는 것을 태우면 재만 남는다.,달군 곰팡이,INCINERATION,0,
25,forge__burn_01__rot_04,burn_01|rot_04,burn_01,잉걸,rot_04,번지는 얼룩,LAW,burn_01,달군,rot_04,얼룩,LAW,BURN|ROT,BURN|ROT,무너지는 것을 태우면 재만 남는다.,달군 얼룩,INCINERATION,0,
26,forge__burn_01__rot_05,burn_01|rot_05,burn_01,잉걸,rot_05,내려앉은 냄새,LAW,burn_01,달군,rot_05,냄새,LAW,BURN|ROT,BURN|ROT,무너지는 것을 태우면 재만 남는다.,달군 냄새,INCINERATION,0,
27,forge__burn_01__scat_01,burn_01|scat_01,burn_01,잉걸,scat_01,가벼운 뼈,LAW,burn_01,달군,scat_01,뼈,LAW,BURN|SCATTER,BURN|SCATTER,달아나는 것에 불이 붙으면 터진다.,달군 뼈,BLAST,0,
28,forge__burn_01__scat_02,burn_01|scat_02,burn_01,잉걸,scat_02,흩날리는 씨,LAW,burn_01,달군,scat_02,씨,LAW,BURN|SCATTER,BURN|SCATTER,달아나는 것에 불이 붙으면 터진다.,달군 씨,BLAST,0,
29,forge__burn_01__scat_03,burn_01|scat_03,burn_01,잉걸,scat_03,벗겨진 껍데기,LAW,burn_01,달군,scat_03,껍데기,LAW,BURN|SCATTER,BURN|SCATTER,달아나는 것에 불이 붙으면 터진다.,달군 껍데기,BLAST,0,
30,forge__burn_01__scat_04,burn_01|scat_04,burn_01,잉걸,scat_04,뜬 먼지,LAW,burn_01,달군,scat_04,먼지,LAW,BURN|SCATTER,BURN|SCATTER,달아나는 것에 불이 붙으면 터진다.,달군 먼지,BLAST,0,
31,forge__burn_01__scat_05,burn_01|scat_05,burn_01,잉걸,scat_05,마른 바람,LAW,burn_01,달군,scat_05,바람,LAW,BURN|SCATTER,BURN|SCATTER,달아나는 것에 불이 붙으면 터진다.,달군 바람,BLAST,0,
32,forge__burn_01__still_01,burn_01|still_01,burn_01,잉걸,still_01,서리꽃,LAW,still_01,서리 낀,burn_01,잉걸,LAW,STILL|BURN,STILL|BURN,터지려는 것을 붙잡으면 눌린다.,서리 낀 잉걸,PRESSED_FIRE,0,
33,forge__burn_01__still_02,burn_01|still_02,burn_01,잉걸,still_02,멈춘 물방울,LAW,still_02,멈춘,burn_01,잉걸,LAW,STILL|BURN,STILL|BURN,터지려는 것을 붙잡으면 눌린다.,멈춘 잉걸,PRESSED_FIRE,0,
34,forge__burn_01__still_03,burn_01|still_03,burn_01,잉걸,still_03,잠긴 발자국,LAW,still_03,잠긴,burn_01,잉걸,LAW,STILL|BURN,STILL|BURN,터지려는 것을 붙잡으면 눌린다.,잠긴 잉걸,PRESSED_FIRE,0,
35,forge__burn_01__still_04,burn_01|still_04,burn_01,잉걸,still_04,굳은 숨,LAW,still_04,숨 멎은,burn_01,잉걸,LAW,STILL|BURN,STILL|BURN,터지려는 것을 붙잡으면 눌린다.,숨 멎은 잉걸,PRESSED_FIRE,0,
36,forge__burn_01__still_05,burn_01|still_05,burn_01,잉걸,still_05,그친 종소리,LAW,still_05,그친,burn_01,잉걸,LAW,STILL|BURN,STILL|BURN,터지려는 것을 붙잡으면 눌린다.,그친 잉걸,PRESSED_FIRE,0,
37,forge__burn_01__tool_01,burn_01|tool_01,burn_01,잉걸,tool_01,도가니,CATALYST,tool_01,달궈진,burn_01,잉걸,RESULT_CLASS,CATALYZED_BURN,,,달궈진 잉걸,CATALYZED_BURN,0,
38,forge__burn_01__tool_02,burn_01|tool_02,burn_01,잉걸,tool_02,집게,CATALYST,tool_02,집어올린,burn_01,잉걸,RESULT_CLASS,CATALYZED_BURN,,,집어올린 잉걸,CATALYZED_BURN,0,
39,forge__burn_01__tool_03,burn_01|tool_03,burn_01,잉걸,tool_03,체,CATALYST,tool_03,걸러진,burn_01,잉걸,RESULT_CLASS,CATALYZED_BURN,,,걸러진 잉걸,CATALYZED_BURN,0,
40,forge__burn_01__tool_04,burn_01|tool_04,burn_01,잉걸,tool_04,등불,CATALYST,tool_04,밝혀진,burn_01,잉걸,RESULT_CLASS,CATALYZED_BURN,,,밝혀진 잉걸,CATALYZED_BURN,0,
41,forge__burn_01__tool_05,burn_01|tool_05,burn_01,잉걸,tool_05,계측기,CATALYST,tool_05,재어진,burn_01,잉걸,RESULT_CLASS,CATALYZED_BURN,,,재어진 잉걸,CATALYZED_BURN,0,
42,forge__burn_01__tool_06,burn_01|tool_06,burn_01,잉걸,tool_06,풀무,CATALYST,tool_06,불어넣은,burn_01,잉걸,RESULT_CLASS,CATALYZED_BURN,,,불어넣은 잉걸,CATALYZED_BURN,0,
43,forge__burn_01__tool_07,burn_01|tool_07,burn_01,잉걸,tool_07,저울,CATALYST,tool_07,달아본,burn_01,잉걸,RESULT_CLASS,CATALYZED_BURN,,,달아본 잉걸,CATALYZED_BURN,0,
44,forge__burn_01__tool_08,burn_01|tool_08,burn_01,잉걸,tool_08,표본 상자,CATALYST,tool_08,갈무리한,burn_01,잉걸,RESULT_CLASS,CATALYZED_BURN,,,갈무리한 잉걸,CATALYZED_BURN,0,
45,forge__burn_01__tool_09,burn_01|tool_09,burn_01,잉걸,tool_09,갱도 지도,CATALYST,tool_09,그려진,burn_01,잉걸,RESULT_CLASS,CATALYZED_BURN,,,그려진 잉걸,CATALYZED_BURN,0,
46,forge__burn_01__tool_10,burn_01|tool_10,burn_01,잉걸,tool_10,손수레,CATALYST,tool_10,실려온,burn_01,잉걸,RESULT_CLASS,CATALYZED_BURN,,,실려온 잉걸,CATALYZED_BURN,0,
47,forge__burn_01__wash_01,burn_01|wash_01,burn_01,잉걸,wash_01,맑은 눈물,LAW,burn_01,달군,wash_01,눈물,LAW,BURN|WASH,BURN|WASH,불로 씻으면 태워서 없앤다.,달군 눈물,SEARING,0,
48,forge__burn_01__wash_02,burn_01|wash_02,burn_01,잉걸,wash_02,닳은 돌,LAW,burn_01,달군,wash_02,돌,LAW,BURN|WASH,BURN|WASH,불로 씻으면 태워서 없앤다.,달군 돌,SEARING,0,
49,forge__burn_01__wash_03,burn_01|wash_03,burn_01,잉걸,wash_03,빈 껍질,LAW,burn_01,달군,wash_03,껍질,LAW,BURN|WASH,BURN|WASH,불로 씻으면 태워서 없앤다.,달군 껍질,SEARING,0,
50,forge__burn_01__wash_04,burn_01|wash_04,burn_01,잉걸,wash_04,지워진 자국,LAW,burn_01,달군,wash_04,자국,LAW,BURN|WASH,BURN|WASH,불로 씻으면 태워서 없앤다.,달군 자국,SEARING,0,
51,forge__burn_01__wash_05,burn_01|wash_05,burn_01,잉걸,wash_05,가라앉은 앙금,LAW,burn_01,달군,wash_05,앙금,LAW,BURN|WASH,BURN|WASH,불로 씻으면 태워서 없앤다.,달군 앙금,SEARING,0,
52,forge__burn_02__burn_03,burn_02|burn_03,burn_02,꺼진 심지,burn_03,눌어붙은 재,LAW,burn_02,그을린,burn_03,재,LAW,BURN|BURN,BURN|BURN,점화가 겹치면 남김없이 탄다.,그을린 재,BURNOUT,0,
53,forge__burn_02__burn_04,burn_02|burn_04,burn_02,꺼진 심지,burn_04,남은 열,LAW,burn_02,그을린,burn_04,열,LAW,BURN|BURN,BURN|BURN,점화가 겹치면 남김없이 탄다.,그을린 열,BURNOUT,0,
54,forge__burn_02__burn_05,burn_02|burn_05,burn_02,꺼진 심지,burn_05,첫 불티,LAW,burn_02,그을린,burn_05,불티,LAW,BURN|BURN,BURN|BURN,점화가 겹치면 남김없이 탄다.,그을린 불티,BURNOUT,0,
55,forge__burn_02__join_01,burn_02|join_01,burn_02,꺼진 심지,join_01,엉킨 실,LAW,burn_02,그을린,join_01,실,LAW,BURN|JOIN,BURN|JOIN,이어붙이면 더 크게 탄다.,그을린 실,KINDLED,0,
56,forge__burn_02__join_02,burn_02|join_02,burn_02,꺼진 심지,join_02,붙은 손,LAW,burn_02,그을린,join_02,손,LAW,BURN|JOIN,BURN|JOIN,이어붙이면 더 크게 탄다.,그을린 손,KINDLED,0,
57,forge__burn_02__join_03,burn_02|join_03,burn_02,꺼진 심지,join_03,자란 매듭,LAW,burn_02,그을린,join_03,매듭,LAW,BURN|JOIN,BURN|JOIN,이어붙이면 더 크게 탄다.,그을린 매듭,KINDLED,0,
58,forge__burn_02__join_04,burn_02|join_04,burn_02,꺼진 심지,join_04,이어진 그림자,LAW,burn_02,그을린,join_04,그림자,LAW,BURN|JOIN,BURN|JOIN,이어붙이면 더 크게 탄다.,그을린 그림자,KINDLED,0,
59,forge__burn_02__join_05,burn_02|join_05,burn_02,꺼진 심지,join_05,겹친 소리,LAW,burn_02,그을린,join_05,소리,LAW,BURN|JOIN,BURN|JOIN,이어붙이면 더 크게 탄다.,그을린 소리,KINDLED,0,
60,forge__burn_02__odd_01,burn_02|odd_01,burn_02,꺼진 심지,odd_01,걸어다니는 주전자,LAW,burn_02,그을린,odd_01,주전자,LAW,BURN|JOIN,BURN|JOIN,이어붙이면 더 크게 탄다.,그을린 주전자,KINDLED,0,
61,forge__burn_02__odd_02,burn_02|odd_02,burn_02,꺼진 심지,odd_02,두 번 접힌 사다리,LAW,odd_02,두 번 접힌,burn_02,심지,LAW,STILL|BURN,STILL|BURN,터지려는 것을 붙잡으면 눌린다.,두 번 접힌 심지,PRESSED_FIRE,0,
62,forge__burn_02__odd_03,burn_02|odd_03,burn_02,꺼진 심지,odd_03,스스로 켜지는 초,LAW,burn_02,그을린,odd_03,초,LAW,BURN|BURN,BURN|BURN,점화가 겹치면 남김없이 탄다.,그을린 초,BURNOUT,0,
63,forge__burn_02__odd_04,burn_02|odd_04,burn_02,꺼진 심지,odd_04,뒤집힌 장갑,LAW,burn_02,그을린,odd_04,장갑,LAW,BURN|WASH,BURN|WASH,불로 씻으면 태워서 없앤다.,그을린 장갑,SEARING,0,
64,forge__burn_02__odd_05,burn_02|odd_05,burn_02,꺼진 심지,odd_05,노래하는 못,LAW,burn_02,그을린,odd_05,못,LAW,BURN|JOIN,BURN|JOIN,이어붙이면 더 크게 탄다.,그을린 못,KINDLED,0,
65,forge__burn_02__odd_06,burn_02|odd_06,burn_02,꺼진 심지,odd_06,자기를 재는 자,LAW,burn_02,그을린,odd_06,자,LAW,BURN|ROT,BURN|ROT,무너지는 것을 태우면 재만 남는다.,그을린 자,INCINERATION,0,
66,forge__burn_02__ore_burn,burn_02|ore_burn,burn_02,꺼진 심지,ore_burn,타는 조각,LAW,burn_02,그을린,ore_burn,불씨,LAW,BURN|BURN,BURN|BURN,점화가 겹치면 남김없이 탄다.,그을린 불씨,BURNOUT,0,
67,forge__burn_02__ore_join,burn_02|ore_join,burn_02,꺼진 심지,ore_join,엉긴 조각,LAW,burn_02,그을린,ore_join,뭉치,LAW,BURN|JOIN,BURN|JOIN,이어붙이면 더 크게 탄다.,그을린 뭉치,KINDLED,0,
68,forge__burn_02__ore_rot,burn_02|ore_rot,burn_02,꺼진 심지,ore_rot,삭은 조각,LAW,burn_02,그을린,ore_rot,부스러기,LAW,BURN|ROT,BURN|ROT,무너지는 것을 태우면 재만 남는다.,그을린 부스러기,INCINERATION,0,
69,forge__burn_02__ore_scatter,burn_02|ore_scatter,burn_02,꺼진 심지,ore_scatter,흩어지는 조각,LAW,burn_02,그을린,ore_scatter,티끌,LAW,BURN|SCATTER,BURN|SCATTER,달아나는 것에 불이 붙으면 터진다.,그을린 티끌,BLAST,0,
70,forge__burn_02__ore_still,burn_02|ore_still,burn_02,꺼진 심지,ore_still,굳은 조각,LAW,ore_still,굳은,burn_02,심지,LAW,STILL|BURN,STILL|BURN,터지려는 것을 붙잡으면 눌린다.,굳은 심지,PRESSED_FIRE,0,
71,forge__burn_02__ore_wash,burn_02|ore_wash,burn_02,꺼진 심지,ore_wash,씻긴 조각,LAW,burn_02,그을린,ore_wash,속살,LAW,BURN|WASH,BURN|WASH,불로 씻으면 태워서 없앤다.,그을린 속살,SEARING,0,
72,forge__burn_02__rot_01,burn_02|rot_01,burn_02,꺼진 심지,rot_01,딱지,LAW,burn_02,그을린,rot_01,딱지,LAW,BURN|ROT,BURN|ROT,무너지는 것을 태우면 재만 남는다.,그을린 딱지,INCINERATION,0,
73,forge__burn_02__rot_02,burn_02|rot_02,burn_02,꺼진 심지,rot_02,무른 뿌리,LAW,burn_02,그을린,rot_02,뿌리,LAW,BURN|ROT,BURN|ROT,무너지는 것을 태우면 재만 남는다.,그을린 뿌리,INCINERATION,0,
74,forge__burn_02__rot_03,burn_02|rot_03,burn_02,꺼진 심지,rot_03,곰팡이 꽃,LAW,burn_02,그을린,rot_03,곰팡이,LAW,BURN|ROT,BURN|ROT,무너지는 것을 태우면 재만 남는다.,그을린 곰팡이,INCINERATION,0,
75,forge__burn_02__rot_04,burn_02|rot_04,burn_02,꺼진 심지,rot_04,번지는 얼룩,LAW,burn_02,그을린,rot_04,얼룩,LAW,BURN|ROT,BURN|ROT,무너지는 것을 태우면 재만 남는다.,그을린 얼룩,INCINERATION,0,
76,forge__burn_02__rot_05,burn_02|rot_05,burn_02,꺼진 심지,rot_05,내려앉은 냄새,LAW,burn_02,그을린,rot_05,냄새,LAW,BURN|ROT,BURN|ROT,무너지는 것을 태우면 재만 남는다.,그을린 냄새,INCINERATION,0,
77,forge__burn_02__scat_01,burn_02|scat_01,burn_02,꺼진 심지,scat_01,가벼운 뼈,LAW,burn_02,그을린,scat_01,뼈,LAW,BURN|SCATTER,BURN|SCATTER,달아나는 것에 불이 붙으면 터진다.,그을린 뼈,BLAST,0,
78,forge__burn_02__scat_02,burn_02|scat_02,burn_02,꺼진 심지,scat_02,흩날리는 씨,LAW,burn_02,그을린,scat_02,씨,LAW,BURN|SCATTER,BURN|SCATTER,달아나는 것에 불이 붙으면 터진다.,그을린 씨,BLAST,0,
79,forge__burn_02__scat_03,burn_02|scat_03,burn_02,꺼진 심지,scat_03,벗겨진 껍데기,LAW,burn_02,그을린,scat_03,껍데기,LAW,BURN|SCATTER,BURN|SCATTER,달아나는 것에 불이 붙으면 터진다.,그을린 껍데기,BLAST,0,
80,forge__burn_02__scat_04,burn_02|scat_04,burn_02,꺼진 심지,scat_04,뜬 먼지,LAW,burn_02,그을린,scat_04,먼지,LAW,BURN|SCATTER,BURN|SCATTER,달아나는 것에 불이 붙으면 터진다.,그을린 먼지,BLAST,0,
81,forge__burn_02__scat_05,burn_02|scat_05,burn_02,꺼진 심지,scat_05,마른 바람,LAW,burn_02,그을린,scat_05,바람,LAW,BURN|SCATTER,BURN|SCATTER,달아나는 것에 불이 붙으면 터진다.,그을린 바람,BLAST,0,
82,forge__burn_02__still_01,burn_02|still_01,burn_02,꺼진 심지,still_01,서리꽃,LAW,still_01,서리 낀,burn_02,심지,LAW,STILL|BURN,STILL|BURN,터지려는 것을 붙잡으면 눌린다.,서리 낀 심지,PRESSED_FIRE,0,
83,forge__burn_02__still_02,burn_02|still_02,burn_02,꺼진 심지,still_02,멈춘 물방울,LAW,still_02,멈춘,burn_02,심지,LAW,STILL|BURN,STILL|BURN,터지려는 것을 붙잡으면 눌린다.,멈춘 심지,PRESSED_FIRE,0,
84,forge__burn_02__still_03,burn_02|still_03,burn_02,꺼진 심지,still_03,잠긴 발자국,LAW,still_03,잠긴,burn_02,심지,LAW,STILL|BURN,STILL|BURN,터지려는 것을 붙잡으면 눌린다.,잠긴 심지,PRESSED_FIRE,0,
85,forge__burn_02__still_04,burn_02|still_04,burn_02,꺼진 심지,still_04,굳은 숨,LAW,still_04,숨 멎은,burn_02,심지,LAW,STILL|BURN,STILL|BURN,터지려는 것을 붙잡으면 눌린다.,숨 멎은 심지,PRESSED_FIRE,0,
86,forge__burn_02__still_05,burn_02|still_05,burn_02,꺼진 심지,still_05,그친 종소리,LAW,still_05,그친,burn_02,심지,LAW,STILL|BURN,STILL|BURN,터지려는 것을 붙잡으면 눌린다.,그친 심지,PRESSED_FIRE,0,
87,forge__burn_02__tool_01,burn_02|tool_01,burn_02,꺼진 심지,tool_01,도가니,CATALYST,tool_01,달궈진,burn_02,심지,RESULT_CLASS,CATALYZED_BURN,,,달궈진 심지,CATALYZED_BURN,0,
88,forge__burn_02__tool_02,burn_02|tool_02,burn_02,꺼진 심지,tool_02,집게,CATALYST,tool_02,집어올린,burn_02,심지,RESULT_CLASS,CATALYZED_BURN,,,집어올린 심지,CATALYZED_BURN,0,
89,forge__burn_02__tool_03,burn_02|tool_03,burn_02,꺼진 심지,tool_03,체,CATALYST,tool_03,걸러진,burn_02,심지,RESULT_CLASS,CATALYZED_BURN,,,걸러진 심지,CATALYZED_BURN,0,
90,forge__burn_02__tool_04,burn_02|tool_04,burn_02,꺼진 심지,tool_04,등불,CATALYST,tool_04,밝혀진,burn_02,심지,RESULT_CLASS,CATALYZED_BURN,,,밝혀진 심지,CATALYZED_BURN,0,
91,forge__burn_02__tool_05,burn_02|tool_05,burn_02,꺼진 심지,tool_05,계측기,CATALYST,tool_05,재어진,burn_02,심지,RESULT_CLASS,CATALYZED_BURN,,,재어진 심지,CATALYZED_BURN,0,
92,forge__burn_02__tool_06,burn_02|tool_06,burn_02,꺼진 심지,tool_06,풀무,CATALYST,tool_06,불어넣은,burn_02,심지,RESULT_CLASS,CATALYZED_BURN,,,불어넣은 심지,CATALYZED_BURN,0,
93,forge__burn_02__tool_07,burn_02|tool_07,burn_02,꺼진 심지,tool_07,저울,CATALYST,tool_07,달아본,burn_02,심지,RESULT_CLASS,CATALYZED_BURN,,,달아본 심지,CATALYZED_BURN,0,
94,forge__burn_02__tool_08,burn_02|tool_08,burn_02,꺼진 심지,tool_08,표본 상자,CATALYST,tool_08,갈무리한,burn_02,심지,RESULT_CLASS,CATALYZED_BURN,,,갈무리한 심지,CATALYZED_BURN,0,
95,forge__burn_02__tool_09,burn_02|tool_09,burn_02,꺼진 심지,tool_09,갱도 지도,CATALYST,tool_09,그려진,burn_02,심지,RESULT_CLASS,CATALYZED_BURN,,,그려진 심지,CATALYZED_BURN,0,
96,forge__burn_02__tool_10,burn_02|tool_10,burn_02,꺼진 심지,tool_10,손수레,CATALYST,tool_10,실려온,burn_02,심지,RESULT_CLASS,CATALYZED_BURN,,,실려온 심지,CATALYZED_BURN,0,
97,forge__burn_02__wash_01,burn_02|wash_01,burn_02,꺼진 심지,wash_01,맑은 눈물,LAW,burn_02,그을린,wash_01,눈물,LAW,BURN|WASH,BURN|WASH,불로 씻으면 태워서 없앤다.,그을린 눈물,SEARING,0,
98,forge__burn_02__wash_02,burn_02|wash_02,burn_02,꺼진 심지,wash_02,닳은 돌,LAW,burn_02,그을린,wash_02,돌,LAW,BURN|WASH,BURN|WASH,불로 씻으면 태워서 없앤다.,그을린 돌,SEARING,0,
99,forge__burn_02__wash_03,burn_02|wash_03,burn_02,꺼진 심지,wash_03,빈 껍질,LAW,burn_02,그을린,wash_03,껍질,LAW,BURN|WASH,BURN|WASH,불로 씻으면 태워서 없앤다.,그을린 껍질,SEARING,0,
100,forge__burn_02__wash_04,burn_02|wash_04,burn_02,꺼진 심지,wash_04,지워진 자국,LAW,burn_02,그을린,wash_04,자국,LAW,BURN|WASH,BURN|WASH,불로 씻으면 태워서 없앤다.,그을린 자국,SEARING,0,
101,forge__burn_02__wash_05,burn_02|wash_05,burn_02,꺼진 심지,wash_05,가라앉은 앙금,LAW,burn_02,그을린,wash_05,앙금,LAW,BURN|WASH,BURN|WASH,불로 씻으면 태워서 없앤다.,그을린 앙금,SEARING,0,
102,forge__burn_03__burn_04,burn_03|burn_04,burn_03,눌어붙은 재,burn_04,남은 열,LAW,burn_03,눌어붙은,burn_04,열,LAW,BURN|BURN,BURN|BURN,점화가 겹치면 남김없이 탄다.,눌어붙은 열,BURNOUT,0,
103,forge__burn_03__burn_05,burn_03|burn_05,burn_03,눌어붙은 재,burn_05,첫 불티,LAW,burn_03,눌어붙은,burn_05,불티,LAW,BURN|BURN,BURN|BURN,점화가 겹치면 남김없이 탄다.,눌어붙은 불티,BURNOUT,0,
104,forge__burn_03__join_01,burn_03|join_01,burn_03,눌어붙은 재,join_01,엉킨 실,LAW,burn_03,눌어붙은,join_01,실,LAW,BURN|JOIN,BURN|JOIN,이어붙이면 더 크게 탄다.,눌어붙은 실,KINDLED,0,
105,forge__burn_03__join_02,burn_03|join_02,burn_03,눌어붙은 재,join_02,붙은 손,LAW,burn_03,눌어붙은,join_02,손,LAW,BURN|JOIN,BURN|JOIN,이어붙이면 더 크게 탄다.,눌어붙은 손,KINDLED,0,
106,forge__burn_03__join_03,burn_03|join_03,burn_03,눌어붙은 재,join_03,자란 매듭,LAW,burn_03,눌어붙은,join_03,매듭,LAW,BURN|JOIN,BURN|JOIN,이어붙이면 더 크게 탄다.,눌어붙은 매듭,KINDLED,0,
107,forge__burn_03__join_04,burn_03|join_04,burn_03,눌어붙은 재,join_04,이어진 그림자,LAW,burn_03,눌어붙은,join_04,그림자,LAW,BURN|JOIN,BURN|JOIN,이어붙이면 더 크게 탄다.,눌어붙은 그림자,KINDLED,0,
108,forge__burn_03__join_05,burn_03|join_05,burn_03,눌어붙은 재,join_05,겹친 소리,LAW,burn_03,눌어붙은,join_05,소리,LAW,BURN|JOIN,BURN|JOIN,이어붙이면 더 크게 탄다.,눌어붙은 소리,KINDLED,0,
109,forge__burn_03__odd_01,burn_03|odd_01,burn_03,눌어붙은 재,odd_01,걸어다니는 주전자,LAW,burn_03,눌어붙은,odd_01,주전자,LAW,BURN|JOIN,BURN|JOIN,이어붙이면 더 크게 탄다.,눌어붙은 주전자,KINDLED,0,
110,forge__burn_03__odd_02,burn_03|odd_02,burn_03,눌어붙은 재,odd_02,두 번 접힌 사다리,LAW,odd_02,두 번 접힌,burn_03,재,LAW,STILL|BURN,STILL|BURN,터지려는 것을 붙잡으면 눌린다.,두 번 접힌 재,PRESSED_FIRE,0,
111,forge__burn_03__odd_03,burn_03|odd_03,burn_03,눌어붙은 재,odd_03,스스로 켜지는 초,LAW,burn_03,눌어붙은,odd_03,초,LAW,BURN|BURN,BURN|BURN,점화가 겹치면 남김없이 탄다.,눌어붙은 초,BURNOUT,0,
112,forge__burn_03__odd_04,burn_03|odd_04,burn_03,눌어붙은 재,odd_04,뒤집힌 장갑,LAW,burn_03,눌어붙은,odd_04,장갑,LAW,BURN|WASH,BURN|WASH,불로 씻으면 태워서 없앤다.,눌어붙은 장갑,SEARING,0,
113,forge__burn_03__odd_05,burn_03|odd_05,burn_03,눌어붙은 재,odd_05,노래하는 못,LAW,burn_03,눌어붙은,odd_05,못,LAW,BURN|JOIN,BURN|JOIN,이어붙이면 더 크게 탄다.,눌어붙은 못,KINDLED,0,
114,forge__burn_03__odd_06,burn_03|odd_06,burn_03,눌어붙은 재,odd_06,자기를 재는 자,LAW,burn_03,눌어붙은,odd_06,자,LAW,BURN|ROT,BURN|ROT,무너지는 것을 태우면 재만 남는다.,눌어붙은 자,INCINERATION,0,
115,forge__burn_03__ore_burn,burn_03|ore_burn,burn_03,눌어붙은 재,ore_burn,타는 조각,LAW,burn_03,눌어붙은,ore_burn,불씨,LAW,BURN|BURN,BURN|BURN,점화가 겹치면 남김없이 탄다.,눌어붙은 불씨,BURNOUT,0,
116,forge__burn_03__ore_join,burn_03|ore_join,burn_03,눌어붙은 재,ore_join,엉긴 조각,LAW,burn_03,눌어붙은,ore_join,뭉치,LAW,BURN|JOIN,BURN|JOIN,이어붙이면 더 크게 탄다.,눌어붙은 뭉치,KINDLED,0,
117,forge__burn_03__ore_rot,burn_03|ore_rot,burn_03,눌어붙은 재,ore_rot,삭은 조각,LAW,burn_03,눌어붙은,ore_rot,부스러기,LAW,BURN|ROT,BURN|ROT,무너지는 것을 태우면 재만 남는다.,눌어붙은 부스러기,INCINERATION,0,
118,forge__burn_03__ore_scatter,burn_03|ore_scatter,burn_03,눌어붙은 재,ore_scatter,흩어지는 조각,LAW,burn_03,눌어붙은,ore_scatter,티끌,LAW,BURN|SCATTER,BURN|SCATTER,달아나는 것에 불이 붙으면 터진다.,눌어붙은 티끌,BLAST,0,
119,forge__burn_03__ore_still,burn_03|ore_still,burn_03,눌어붙은 재,ore_still,굳은 조각,LAW,ore_still,굳은,burn_03,재,LAW,STILL|BURN,STILL|BURN,터지려는 것을 붙잡으면 눌린다.,굳은 재,PRESSED_FIRE,0,
120,forge__burn_03__ore_wash,burn_03|ore_wash,burn_03,눌어붙은 재,ore_wash,씻긴 조각,LAW,burn_03,눌어붙은,ore_wash,속살,LAW,BURN|WASH,BURN|WASH,불로 씻으면 태워서 없앤다.,눌어붙은 속살,SEARING,0,
121,forge__burn_03__rot_01,burn_03|rot_01,burn_03,눌어붙은 재,rot_01,딱지,LAW,burn_03,눌어붙은,rot_01,딱지,LAW,BURN|ROT,BURN|ROT,무너지는 것을 태우면 재만 남는다.,눌어붙은 딱지,INCINERATION,0,
122,forge__burn_03__rot_02,burn_03|rot_02,burn_03,눌어붙은 재,rot_02,무른 뿌리,LAW,burn_03,눌어붙은,rot_02,뿌리,LAW,BURN|ROT,BURN|ROT,무너지는 것을 태우면 재만 남는다.,눌어붙은 뿌리,INCINERATION,0,
123,forge__burn_03__rot_03,burn_03|rot_03,burn_03,눌어붙은 재,rot_03,곰팡이 꽃,LAW,burn_03,눌어붙은,rot_03,곰팡이,LAW,BURN|ROT,BURN|ROT,무너지는 것을 태우면 재만 남는다.,눌어붙은 곰팡이,INCINERATION,0,
124,forge__burn_03__rot_04,burn_03|rot_04,burn_03,눌어붙은 재,rot_04,번지는 얼룩,LAW,burn_03,눌어붙은,rot_04,얼룩,LAW,BURN|ROT,BURN|ROT,무너지는 것을 태우면 재만 남는다.,눌어붙은 얼룩,INCINERATION,0,
125,forge__burn_03__rot_05,burn_03|rot_05,burn_03,눌어붙은 재,rot_05,내려앉은 냄새,LAW,burn_03,눌어붙은,rot_05,냄새,LAW,BURN|ROT,BURN|ROT,무너지는 것을 태우면 재만 남는다.,눌어붙은 냄새,INCINERATION,0,
126,forge__burn_03__scat_01,burn_03|scat_01,burn_03,눌어붙은 재,scat_01,가벼운 뼈,LAW,burn_03,눌어붙은,scat_01,뼈,LAW,BURN|SCATTER,BURN|SCATTER,달아나는 것에 불이 붙으면 터진다.,눌어붙은 뼈,BLAST,0,
127,forge__burn_03__scat_02,burn_03|scat_02,burn_03,눌어붙은 재,scat_02,흩날리는 씨,LAW,burn_03,눌어붙은,scat_02,씨,LAW,BURN|SCATTER,BURN|SCATTER,달아나는 것에 불이 붙으면 터진다.,눌어붙은 씨,BLAST,0,
128,forge__burn_03__scat_03,burn_03|scat_03,burn_03,눌어붙은 재,scat_03,벗겨진 껍데기,LAW,burn_03,눌어붙은,scat_03,껍데기,LAW,BURN|SCATTER,BURN|SCATTER,달아나는 것에 불이 붙으면 터진다.,눌어붙은 껍데기,BLAST,0,
129,forge__burn_03__scat_04,burn_03|scat_04,burn_03,눌어붙은 재,scat_04,뜬 먼지,LAW,burn_03,눌어붙은,scat_04,먼지,LAW,BURN|SCATTER,BURN|SCATTER,달아나는 것에 불이 붙으면 터진다.,눌어붙은 먼지,BLAST,0,
130,forge__burn_03__scat_05,burn_03|scat_05,burn_03,눌어붙은 재,scat_05,마른 바람,LAW,burn_03,눌어붙은,scat_05,바람,LAW,BURN|SCATTER,BURN|SCATTER,달아나는 것에 불이 붙으면 터진다.,눌어붙은 바람,BLAST,0,
131,forge__burn_03__still_01,burn_03|still_01,burn_03,눌어붙은 재,still_01,서리꽃,LAW,still_01,서리 낀,burn_03,재,LAW,STILL|BURN,STILL|BURN,터지려는 것을 붙잡으면 눌린다.,서리 낀 재,PRESSED_FIRE,0,
132,forge__burn_03__still_02,burn_03|still_02,burn_03,눌어붙은 재,still_02,멈춘 물방울,LAW,still_02,멈춘,burn_03,재,LAW,STILL|BURN,STILL|BURN,터지려는 것을 붙잡으면 눌린다.,멈춘 재,PRESSED_FIRE,0,
133,forge__burn_03__still_03,burn_03|still_03,burn_03,눌어붙은 재,still_03,잠긴 발자국,LAW,still_03,잠긴,burn_03,재,LAW,STILL|BURN,STILL|BURN,터지려는 것을 붙잡으면 눌린다.,잠긴 재,PRESSED_FIRE,0,
134,forge__burn_03__still_04,burn_03|still_04,burn_03,눌어붙은 재,still_04,굳은 숨,LAW,still_04,숨 멎은,burn_03,재,LAW,STILL|BURN,STILL|BURN,터지려는 것을 붙잡으면 눌린다.,숨 멎은 재,PRESSED_FIRE,0,
135,forge__burn_03__still_05,burn_03|still_05,burn_03,눌어붙은 재,still_05,그친 종소리,LAW,still_05,그친,burn_03,재,LAW,STILL|BURN,STILL|BURN,터지려는 것을 붙잡으면 눌린다.,그친 재,PRESSED_FIRE,0,
136,forge__burn_03__tool_01,burn_03|tool_01,burn_03,눌어붙은 재,tool_01,도가니,CATALYST,tool_01,달궈진,burn_03,재,RESULT_CLASS,CATALYZED_BURN,,,달궈진 재,CATALYZED_BURN,0,
137,forge__burn_03__tool_02,burn_03|tool_02,burn_03,눌어붙은 재,tool_02,집게,CATALYST,tool_02,집어올린,burn_03,재,RESULT_CLASS,CATALYZED_BURN,,,집어올린 재,CATALYZED_BURN,0,
138,forge__burn_03__tool_03,burn_03|tool_03,burn_03,눌어붙은 재,tool_03,체,CATALYST,tool_03,걸러진,burn_03,재,RESULT_CLASS,CATALYZED_BURN,,,걸러진 재,CATALYZED_BURN,0,
139,forge__burn_03__tool_04,burn_03|tool_04,burn_03,눌어붙은 재,tool_04,등불,CATALYST,tool_04,밝혀진,burn_03,재,RESULT_CLASS,CATALYZED_BURN,,,밝혀진 재,CATALYZED_BURN,0,
140,forge__burn_03__tool_05,burn_03|tool_05,burn_03,눌어붙은 재,tool_05,계측기,CATALYST,tool_05,재어진,burn_03,재,RESULT_CLASS,CATALYZED_BURN,,,재어진 재,CATALYZED_BURN,1,NARROW_NOUN_ECHO
141,forge__burn_03__tool_06,burn_03|tool_06,burn_03,눌어붙은 재,tool_06,풀무,CATALYST,tool_06,불어넣은,burn_03,재,RESULT_CLASS,CATALYZED_BURN,,,불어넣은 재,CATALYZED_BURN,0,
142,forge__burn_03__tool_07,burn_03|tool_07,burn_03,눌어붙은 재,tool_07,저울,CATALYST,tool_07,달아본,burn_03,재,RESULT_CLASS,CATALYZED_BURN,,,달아본 재,CATALYZED_BURN,0,
143,forge__burn_03__tool_08,burn_03|tool_08,burn_03,눌어붙은 재,tool_08,표본 상자,CATALYST,tool_08,갈무리한,burn_03,재,RESULT_CLASS,CATALYZED_BURN,,,갈무리한 재,CATALYZED_BURN,0,
144,forge__burn_03__tool_09,burn_03|tool_09,burn_03,눌어붙은 재,tool_09,갱도 지도,CATALYST,tool_09,그려진,burn_03,재,RESULT_CLASS,CATALYZED_BURN,,,그려진 재,CATALYZED_BURN,0,
145,forge__burn_03__tool_10,burn_03|tool_10,burn_03,눌어붙은 재,tool_10,손수레,CATALYST,tool_10,실려온,burn_03,재,RESULT_CLASS,CATALYZED_BURN,,,실려온 재,CATALYZED_BURN,0,
146,forge__burn_03__wash_01,burn_03|wash_01,burn_03,눌어붙은 재,wash_01,맑은 눈물,LAW,burn_03,눌어붙은,wash_01,눈물,LAW,BURN|WASH,BURN|WASH,불로 씻으면 태워서 없앤다.,눌어붙은 눈물,SEARING,0,
147,forge__burn_03__wash_02,burn_03|wash_02,burn_03,눌어붙은 재,wash_02,닳은 돌,LAW,burn_03,눌어붙은,wash_02,돌,LAW,BURN|WASH,BURN|WASH,불로 씻으면 태워서 없앤다.,눌어붙은 돌,SEARING,0,
148,forge__burn_03__wash_03,burn_03|wash_03,burn_03,눌어붙은 재,wash_03,빈 껍질,LAW,burn_03,눌어붙은,wash_03,껍질,LAW,BURN|WASH,BURN|WASH,불로 씻으면 태워서 없앤다.,눌어붙은 껍질,SEARING,0,
149,forge__burn_03__wash_04,burn_03|wash_04,burn_03,눌어붙은 재,wash_04,지워진 자국,LAW,burn_03,눌어붙은,wash_04,자국,LAW,BURN|WASH,BURN|WASH,불로 씻으면 태워서 없앤다.,눌어붙은 자국,SEARING,0,
150,forge__burn_03__wash_05,burn_03|wash_05,burn_03,눌어붙은 재,wash_05,가라앉은 앙금,LAW,burn_03,눌어붙은,wash_05,앙금,LAW,BURN|WASH,BURN|WASH,불로 씻으면 태워서 없앤다.,눌어붙은 앙금,SEARING,0,
151,forge__burn_04__burn_05,burn_04|burn_05,burn_04,남은 열,burn_05,첫 불티,LAW,burn_04,뜨거운,burn_05,불티,LAW,BURN|BURN,BURN|BURN,점화가 겹치면 남김없이 탄다.,뜨거운 불티,BURNOUT,0,
152,forge__burn_04__join_01,burn_04|join_01,burn_04,남은 열,join_01,엉킨 실,LAW,burn_04,뜨거운,join_01,실,LAW,BURN|JOIN,BURN|JOIN,이어붙이면 더 크게 탄다.,뜨거운 실,KINDLED,0,
153,forge__burn_04__join_02,burn_04|join_02,burn_04,남은 열,join_02,붙은 손,LAW,burn_04,뜨거운,join_02,손,LAW,BURN|JOIN,BURN|JOIN,이어붙이면 더 크게 탄다.,뜨거운 손,KINDLED,0,
154,forge__burn_04__join_03,burn_04|join_03,burn_04,남은 열,join_03,자란 매듭,LAW,burn_04,뜨거운,join_03,매듭,LAW,BURN|JOIN,BURN|JOIN,이어붙이면 더 크게 탄다.,뜨거운 매듭,KINDLED,0,
155,forge__burn_04__join_04,burn_04|join_04,burn_04,남은 열,join_04,이어진 그림자,LAW,burn_04,뜨거운,join_04,그림자,LAW,BURN|JOIN,BURN|JOIN,이어붙이면 더 크게 탄다.,뜨거운 그림자,KINDLED,0,
156,forge__burn_04__join_05,burn_04|join_05,burn_04,남은 열,join_05,겹친 소리,LAW,burn_04,뜨거운,join_05,소리,LAW,BURN|JOIN,BURN|JOIN,이어붙이면 더 크게 탄다.,뜨거운 소리,KINDLED,0,
157,forge__burn_04__odd_01,burn_04|odd_01,burn_04,남은 열,odd_01,걸어다니는 주전자,LAW,burn_04,뜨거운,odd_01,주전자,LAW,BURN|JOIN,BURN|JOIN,이어붙이면 더 크게 탄다.,뜨거운 주전자,KINDLED,0,
158,forge__burn_04__odd_02,burn_04|odd_02,burn_04,남은 열,odd_02,두 번 접힌 사다리,LAW,odd_02,두 번 접힌,burn_04,열,LAW,STILL|BURN,STILL|BURN,터지려는 것을 붙잡으면 눌린다.,두 번 접힌 열,PRESSED_FIRE,0,
159,forge__burn_04__odd_03,burn_04|odd_03,burn_04,남은 열,odd_03,스스로 켜지는 초,LAW,burn_04,뜨거운,odd_03,초,LAW,BURN|BURN,BURN|BURN,점화가 겹치면 남김없이 탄다.,뜨거운 초,BURNOUT,0,
160,forge__burn_04__odd_04,burn_04|odd_04,burn_04,남은 열,odd_04,뒤집힌 장갑,LAW,burn_04,뜨거운,odd_04,장갑,LAW,BURN|WASH,BURN|WASH,불로 씻으면 태워서 없앤다.,뜨거운 장갑,SEARING,0,
161,forge__burn_04__odd_05,burn_04|odd_05,burn_04,남은 열,odd_05,노래하는 못,LAW,burn_04,뜨거운,odd_05,못,LAW,BURN|JOIN,BURN|JOIN,이어붙이면 더 크게 탄다.,뜨거운 못,KINDLED,0,
162,forge__burn_04__odd_06,burn_04|odd_06,burn_04,남은 열,odd_06,자기를 재는 자,LAW,burn_04,뜨거운,odd_06,자,LAW,BURN|ROT,BURN|ROT,무너지는 것을 태우면 재만 남는다.,뜨거운 자,INCINERATION,0,
163,forge__burn_04__ore_burn,burn_04|ore_burn,burn_04,남은 열,ore_burn,타는 조각,LAW,burn_04,뜨거운,ore_burn,불씨,LAW,BURN|BURN,BURN|BURN,점화가 겹치면 남김없이 탄다.,뜨거운 불씨,BURNOUT,0,
164,forge__burn_04__ore_join,burn_04|ore_join,burn_04,남은 열,ore_join,엉긴 조각,LAW,burn_04,뜨거운,ore_join,뭉치,LAW,BURN|JOIN,BURN|JOIN,이어붙이면 더 크게 탄다.,뜨거운 뭉치,KINDLED,0,
165,forge__burn_04__ore_rot,burn_04|ore_rot,burn_04,남은 열,ore_rot,삭은 조각,LAW,burn_04,뜨거운,ore_rot,부스러기,LAW,BURN|ROT,BURN|ROT,무너지는 것을 태우면 재만 남는다.,뜨거운 부스러기,INCINERATION,0,
166,forge__burn_04__ore_scatter,burn_04|ore_scatter,burn_04,남은 열,ore_scatter,흩어지는 조각,LAW,burn_04,뜨거운,ore_scatter,티끌,LAW,BURN|SCATTER,BURN|SCATTER,달아나는 것에 불이 붙으면 터진다.,뜨거운 티끌,BLAST,0,
167,forge__burn_04__ore_still,burn_04|ore_still,burn_04,남은 열,ore_still,굳은 조각,LAW,ore_still,굳은,burn_04,열,LAW,STILL|BURN,STILL|BURN,터지려는 것을 붙잡으면 눌린다.,굳은 열,PRESSED_FIRE,0,
168,forge__burn_04__ore_wash,burn_04|ore_wash,burn_04,남은 열,ore_wash,씻긴 조각,LAW,burn_04,뜨거운,ore_wash,속살,LAW,BURN|WASH,BURN|WASH,불로 씻으면 태워서 없앤다.,뜨거운 속살,SEARING,0,
169,forge__burn_04__rot_01,burn_04|rot_01,burn_04,남은 열,rot_01,딱지,LAW,burn_04,뜨거운,rot_01,딱지,LAW,BURN|ROT,BURN|ROT,무너지는 것을 태우면 재만 남는다.,뜨거운 딱지,INCINERATION,0,
170,forge__burn_04__rot_02,burn_04|rot_02,burn_04,남은 열,rot_02,무른 뿌리,LAW,burn_04,뜨거운,rot_02,뿌리,LAW,BURN|ROT,BURN|ROT,무너지는 것을 태우면 재만 남는다.,뜨거운 뿌리,INCINERATION,0,
171,forge__burn_04__rot_03,burn_04|rot_03,burn_04,남은 열,rot_03,곰팡이 꽃,LAW,burn_04,뜨거운,rot_03,곰팡이,LAW,BURN|ROT,BURN|ROT,무너지는 것을 태우면 재만 남는다.,뜨거운 곰팡이,INCINERATION,0,
172,forge__burn_04__rot_04,burn_04|rot_04,burn_04,남은 열,rot_04,번지는 얼룩,LAW,burn_04,뜨거운,rot_04,얼룩,LAW,BURN|ROT,BURN|ROT,무너지는 것을 태우면 재만 남는다.,뜨거운 얼룩,INCINERATION,0,
173,forge__burn_04__rot_05,burn_04|rot_05,burn_04,남은 열,rot_05,내려앉은 냄새,LAW,burn_04,뜨거운,rot_05,냄새,LAW,BURN|ROT,BURN|ROT,무너지는 것을 태우면 재만 남는다.,뜨거운 냄새,INCINERATION,0,
174,forge__burn_04__scat_01,burn_04|scat_01,burn_04,남은 열,scat_01,가벼운 뼈,LAW,burn_04,뜨거운,scat_01,뼈,LAW,BURN|SCATTER,BURN|SCATTER,달아나는 것에 불이 붙으면 터진다.,뜨거운 뼈,BLAST,0,
175,forge__burn_04__scat_02,burn_04|scat_02,burn_04,남은 열,scat_02,흩날리는 씨,LAW,burn_04,뜨거운,scat_02,씨,LAW,BURN|SCATTER,BURN|SCATTER,달아나는 것에 불이 붙으면 터진다.,뜨거운 씨,BLAST,0,
176,forge__burn_04__scat_03,burn_04|scat_03,burn_04,남은 열,scat_03,벗겨진 껍데기,LAW,burn_04,뜨거운,scat_03,껍데기,LAW,BURN|SCATTER,BURN|SCATTER,달아나는 것에 불이 붙으면 터진다.,뜨거운 껍데기,BLAST,0,
177,forge__burn_04__scat_04,burn_04|scat_04,burn_04,남은 열,scat_04,뜬 먼지,LAW,burn_04,뜨거운,scat_04,먼지,LAW,BURN|SCATTER,BURN|SCATTER,달아나는 것에 불이 붙으면 터진다.,뜨거운 먼지,BLAST,0,
178,forge__burn_04__scat_05,burn_04|scat_05,burn_04,남은 열,scat_05,마른 바람,LAW,burn_04,뜨거운,scat_05,바람,LAW,BURN|SCATTER,BURN|SCATTER,달아나는 것에 불이 붙으면 터진다.,뜨거운 바람,BLAST,0,
179,forge__burn_04__still_01,burn_04|still_01,burn_04,남은 열,still_01,서리꽃,LAW,still_01,서리 낀,burn_04,열,LAW,STILL|BURN,STILL|BURN,터지려는 것을 붙잡으면 눌린다.,서리 낀 열,PRESSED_FIRE,0,
180,forge__burn_04__still_02,burn_04|still_02,burn_04,남은 열,still_02,멈춘 물방울,LAW,still_02,멈춘,burn_04,열,LAW,STILL|BURN,STILL|BURN,터지려는 것을 붙잡으면 눌린다.,멈춘 열,PRESSED_FIRE,0,
181,forge__burn_04__still_03,burn_04|still_03,burn_04,남은 열,still_03,잠긴 발자국,LAW,still_03,잠긴,burn_04,열,LAW,STILL|BURN,STILL|BURN,터지려는 것을 붙잡으면 눌린다.,잠긴 열,PRESSED_FIRE,0,
182,forge__burn_04__still_04,burn_04|still_04,burn_04,남은 열,still_04,굳은 숨,LAW,still_04,숨 멎은,burn_04,열,LAW,STILL|BURN,STILL|BURN,터지려는 것을 붙잡으면 눌린다.,숨 멎은 열,PRESSED_FIRE,0,
183,forge__burn_04__still_05,burn_04|still_05,burn_04,남은 열,still_05,그친 종소리,LAW,still_05,그친,burn_04,열,LAW,STILL|BURN,STILL|BURN,터지려는 것을 붙잡으면 눌린다.,그친 열,PRESSED_FIRE,0,
184,forge__burn_04__tool_01,burn_04|tool_01,burn_04,남은 열,tool_01,도가니,CATALYST,tool_01,달궈진,burn_04,열,RESULT_CLASS,CATALYZED_BURN,,,달궈진 열,CATALYZED_BURN,0,
185,forge__burn_04__tool_02,burn_04|tool_02,burn_04,남은 열,tool_02,집게,CATALYST,tool_02,집어올린,burn_04,열,RESULT_CLASS,CATALYZED_BURN,,,집어올린 열,CATALYZED_BURN,0,
186,forge__burn_04__tool_03,burn_04|tool_03,burn_04,남은 열,tool_03,체,CATALYST,tool_03,걸러진,burn_04,열,RESULT_CLASS,CATALYZED_BURN,,,걸러진 열,CATALYZED_BURN,0,
187,forge__burn_04__tool_04,burn_04|tool_04,burn_04,남은 열,tool_04,등불,CATALYST,tool_04,밝혀진,burn_04,열,RESULT_CLASS,CATALYZED_BURN,,,밝혀진 열,CATALYZED_BURN,0,
188,forge__burn_04__tool_05,burn_04|tool_05,burn_04,남은 열,tool_05,계측기,CATALYST,tool_05,재어진,burn_04,열,RESULT_CLASS,CATALYZED_BURN,,,재어진 열,CATALYZED_BURN,0,
189,forge__burn_04__tool_06,burn_04|tool_06,burn_04,남은 열,tool_06,풀무,CATALYST,tool_06,불어넣은,burn_04,열,RESULT_CLASS,CATALYZED_BURN,,,불어넣은 열,CATALYZED_BURN,0,
190,forge__burn_04__tool_07,burn_04|tool_07,burn_04,남은 열,tool_07,저울,CATALYST,tool_07,달아본,burn_04,열,RESULT_CLASS,CATALYZED_BURN,,,달아본 열,CATALYZED_BURN,0,
191,forge__burn_04__tool_08,burn_04|tool_08,burn_04,남은 열,tool_08,표본 상자,CATALYST,tool_08,갈무리한,burn_04,열,RESULT_CLASS,CATALYZED_BURN,,,갈무리한 열,CATALYZED_BURN,0,
192,forge__burn_04__tool_09,burn_04|tool_09,burn_04,남은 열,tool_09,갱도 지도,CATALYST,tool_09,그려진,burn_04,열,RESULT_CLASS,CATALYZED_BURN,,,그려진 열,CATALYZED_BURN,0,
193,forge__burn_04__tool_10,burn_04|tool_10,burn_04,남은 열,tool_10,손수레,CATALYST,tool_10,실려온,burn_04,열,RESULT_CLASS,CATALYZED_BURN,,,실려온 열,CATALYZED_BURN,0,
194,forge__burn_04__wash_01,burn_04|wash_01,burn_04,남은 열,wash_01,맑은 눈물,LAW,burn_04,뜨거운,wash_01,눈물,LAW,BURN|WASH,BURN|WASH,불로 씻으면 태워서 없앤다.,뜨거운 눈물,SEARING,0,
195,forge__burn_04__wash_02,burn_04|wash_02,burn_04,남은 열,wash_02,닳은 돌,LAW,burn_04,뜨거운,wash_02,돌,LAW,BURN|WASH,BURN|WASH,불로 씻으면 태워서 없앤다.,뜨거운 돌,SEARING,0,
196,forge__burn_04__wash_03,burn_04|wash_03,burn_04,남은 열,wash_03,빈 껍질,LAW,burn_04,뜨거운,wash_03,껍질,LAW,BURN|WASH,BURN|WASH,불로 씻으면 태워서 없앤다.,뜨거운 껍질,SEARING,0,
197,forge__burn_04__wash_04,burn_04|wash_04,burn_04,남은 열,wash_04,지워진 자국,LAW,burn_04,뜨거운,wash_04,자국,LAW,BURN|WASH,BURN|WASH,불로 씻으면 태워서 없앤다.,뜨거운 자국,SEARING,0,
198,forge__burn_04__wash_05,burn_04|wash_05,burn_04,남은 열,wash_05,가라앉은 앙금,LAW,burn_04,뜨거운,wash_05,앙금,LAW,BURN|WASH,BURN|WASH,불로 씻으면 태워서 없앤다.,뜨거운 앙금,SEARING,0,
199,forge__burn_05__join_01,burn_05|join_01,burn_05,첫 불티,join_01,엉킨 실,LAW,burn_05,불붙은,join_01,실,LAW,BURN|JOIN,BURN|JOIN,이어붙이면 더 크게 탄다.,불붙은 실,KINDLED,0,
200,forge__burn_05__join_02,burn_05|join_02,burn_05,첫 불티,join_02,붙은 손,LAW,burn_05,불붙은,join_02,손,LAW,BURN|JOIN,BURN|JOIN,이어붙이면 더 크게 탄다.,불붙은 손,KINDLED,0,
201,forge__burn_05__join_03,burn_05|join_03,burn_05,첫 불티,join_03,자란 매듭,LAW,burn_05,불붙은,join_03,매듭,LAW,BURN|JOIN,BURN|JOIN,이어붙이면 더 크게 탄다.,불붙은 매듭,KINDLED,0,
202,forge__burn_05__join_04,burn_05|join_04,burn_05,첫 불티,join_04,이어진 그림자,LAW,burn_05,불붙은,join_04,그림자,LAW,BURN|JOIN,BURN|JOIN,이어붙이면 더 크게 탄다.,불붙은 그림자,KINDLED,0,
203,forge__burn_05__join_05,burn_05|join_05,burn_05,첫 불티,join_05,겹친 소리,LAW,burn_05,불붙은,join_05,소리,LAW,BURN|JOIN,BURN|JOIN,이어붙이면 더 크게 탄다.,불붙은 소리,KINDLED,0,
204,forge__burn_05__odd_01,burn_05|odd_01,burn_05,첫 불티,odd_01,걸어다니는 주전자,LAW,burn_05,불붙은,odd_01,주전자,LAW,BURN|JOIN,BURN|JOIN,이어붙이면 더 크게 탄다.,불붙은 주전자,KINDLED,0,
205,forge__burn_05__odd_02,burn_05|odd_02,burn_05,첫 불티,odd_02,두 번 접힌 사다리,LAW,odd_02,두 번 접힌,burn_05,불티,LAW,STILL|BURN,STILL|BURN,터지려는 것을 붙잡으면 눌린다.,두 번 접힌 불티,PRESSED_FIRE,0,
206,forge__burn_05__odd_03,burn_05|odd_03,burn_05,첫 불티,odd_03,스스로 켜지는 초,LAW,burn_05,불붙은,odd_03,초,LAW,BURN|BURN,BURN|BURN,점화가 겹치면 남김없이 탄다.,불붙은 초,BURNOUT,0,
207,forge__burn_05__odd_04,burn_05|odd_04,burn_05,첫 불티,odd_04,뒤집힌 장갑,LAW,burn_05,불붙은,odd_04,장갑,LAW,BURN|WASH,BURN|WASH,불로 씻으면 태워서 없앤다.,불붙은 장갑,SEARING,0,
208,forge__burn_05__odd_05,burn_05|odd_05,burn_05,첫 불티,odd_05,노래하는 못,LAW,burn_05,불붙은,odd_05,못,LAW,BURN|JOIN,BURN|JOIN,이어붙이면 더 크게 탄다.,불붙은 못,KINDLED,0,
209,forge__burn_05__odd_06,burn_05|odd_06,burn_05,첫 불티,odd_06,자기를 재는 자,LAW,burn_05,불붙은,odd_06,자,LAW,BURN|ROT,BURN|ROT,무너지는 것을 태우면 재만 남는다.,불붙은 자,INCINERATION,0,
210,forge__burn_05__ore_burn,burn_05|ore_burn,burn_05,첫 불티,ore_burn,타는 조각,LAW,burn_05,불붙은,ore_burn,불씨,LAW,BURN|BURN,BURN|BURN,점화가 겹치면 남김없이 탄다.,불붙은 불씨,BURNOUT,0,
211,forge__burn_05__ore_join,burn_05|ore_join,burn_05,첫 불티,ore_join,엉긴 조각,LAW,burn_05,불붙은,ore_join,뭉치,LAW,BURN|JOIN,BURN|JOIN,이어붙이면 더 크게 탄다.,불붙은 뭉치,KINDLED,0,
212,forge__burn_05__ore_rot,burn_05|ore_rot,burn_05,첫 불티,ore_rot,삭은 조각,LAW,burn_05,불붙은,ore_rot,부스러기,LAW,BURN|ROT,BURN|ROT,무너지는 것을 태우면 재만 남는다.,불붙은 부스러기,INCINERATION,0,
213,forge__burn_05__ore_scatter,burn_05|ore_scatter,burn_05,첫 불티,ore_scatter,흩어지는 조각,LAW,burn_05,불붙은,ore_scatter,티끌,LAW,BURN|SCATTER,BURN|SCATTER,달아나는 것에 불이 붙으면 터진다.,불붙은 티끌,BLAST,0,
214,forge__burn_05__ore_still,burn_05|ore_still,burn_05,첫 불티,ore_still,굳은 조각,LAW,ore_still,굳은,burn_05,불티,LAW,STILL|BURN,STILL|BURN,터지려는 것을 붙잡으면 눌린다.,굳은 불티,PRESSED_FIRE,0,
215,forge__burn_05__ore_wash,burn_05|ore_wash,burn_05,첫 불티,ore_wash,씻긴 조각,LAW,burn_05,불붙은,ore_wash,속살,LAW,BURN|WASH,BURN|WASH,불로 씻으면 태워서 없앤다.,불붙은 속살,SEARING,0,
216,forge__burn_05__rot_01,burn_05|rot_01,burn_05,첫 불티,rot_01,딱지,LAW,burn_05,불붙은,rot_01,딱지,LAW,BURN|ROT,BURN|ROT,무너지는 것을 태우면 재만 남는다.,불붙은 딱지,INCINERATION,0,
217,forge__burn_05__rot_02,burn_05|rot_02,burn_05,첫 불티,rot_02,무른 뿌리,LAW,burn_05,불붙은,rot_02,뿌리,LAW,BURN|ROT,BURN|ROT,무너지는 것을 태우면 재만 남는다.,불붙은 뿌리,INCINERATION,0,
218,forge__burn_05__rot_03,burn_05|rot_03,burn_05,첫 불티,rot_03,곰팡이 꽃,LAW,burn_05,불붙은,rot_03,곰팡이,LAW,BURN|ROT,BURN|ROT,무너지는 것을 태우면 재만 남는다.,불붙은 곰팡이,INCINERATION,0,
219,forge__burn_05__rot_04,burn_05|rot_04,burn_05,첫 불티,rot_04,번지는 얼룩,LAW,burn_05,불붙은,rot_04,얼룩,LAW,BURN|ROT,BURN|ROT,무너지는 것을 태우면 재만 남는다.,불붙은 얼룩,INCINERATION,0,
220,forge__burn_05__rot_05,burn_05|rot_05,burn_05,첫 불티,rot_05,내려앉은 냄새,LAW,burn_05,불붙은,rot_05,냄새,LAW,BURN|ROT,BURN|ROT,무너지는 것을 태우면 재만 남는다.,불붙은 냄새,INCINERATION,0,
221,forge__burn_05__scat_01,burn_05|scat_01,burn_05,첫 불티,scat_01,가벼운 뼈,LAW,burn_05,불붙은,scat_01,뼈,LAW,BURN|SCATTER,BURN|SCATTER,달아나는 것에 불이 붙으면 터진다.,불붙은 뼈,BLAST,0,
222,forge__burn_05__scat_02,burn_05|scat_02,burn_05,첫 불티,scat_02,흩날리는 씨,LAW,burn_05,불붙은,scat_02,씨,LAW,BURN|SCATTER,BURN|SCATTER,달아나는 것에 불이 붙으면 터진다.,불붙은 씨,BLAST,0,
223,forge__burn_05__scat_03,burn_05|scat_03,burn_05,첫 불티,scat_03,벗겨진 껍데기,LAW,burn_05,불붙은,scat_03,껍데기,LAW,BURN|SCATTER,BURN|SCATTER,달아나는 것에 불이 붙으면 터진다.,불붙은 껍데기,BLAST,0,
224,forge__burn_05__scat_04,burn_05|scat_04,burn_05,첫 불티,scat_04,뜬 먼지,LAW,burn_05,불붙은,scat_04,먼지,LAW,BURN|SCATTER,BURN|SCATTER,달아나는 것에 불이 붙으면 터진다.,불붙은 먼지,BLAST,0,
225,forge__burn_05__scat_05,burn_05|scat_05,burn_05,첫 불티,scat_05,마른 바람,LAW,burn_05,불붙은,scat_05,바람,LAW,BURN|SCATTER,BURN|SCATTER,달아나는 것에 불이 붙으면 터진다.,불붙은 바람,BLAST,0,
226,forge__burn_05__still_01,burn_05|still_01,burn_05,첫 불티,still_01,서리꽃,LAW,still_01,서리 낀,burn_05,불티,LAW,STILL|BURN,STILL|BURN,터지려는 것을 붙잡으면 눌린다.,서리 낀 불티,PRESSED_FIRE,0,
227,forge__burn_05__still_02,burn_05|still_02,burn_05,첫 불티,still_02,멈춘 물방울,LAW,still_02,멈춘,burn_05,불티,LAW,STILL|BURN,STILL|BURN,터지려는 것을 붙잡으면 눌린다.,멈춘 불티,PRESSED_FIRE,0,
228,forge__burn_05__still_03,burn_05|still_03,burn_05,첫 불티,still_03,잠긴 발자국,LAW,still_03,잠긴,burn_05,불티,LAW,STILL|BURN,STILL|BURN,터지려는 것을 붙잡으면 눌린다.,잠긴 불티,PRESSED_FIRE,0,
229,forge__burn_05__still_04,burn_05|still_04,burn_05,첫 불티,still_04,굳은 숨,LAW,still_04,숨 멎은,burn_05,불티,LAW,STILL|BURN,STILL|BURN,터지려는 것을 붙잡으면 눌린다.,숨 멎은 불티,PRESSED_FIRE,0,
230,forge__burn_05__still_05,burn_05|still_05,burn_05,첫 불티,still_05,그친 종소리,LAW,still_05,그친,burn_05,불티,LAW,STILL|BURN,STILL|BURN,터지려는 것을 붙잡으면 눌린다.,그친 불티,PRESSED_FIRE,0,
231,forge__burn_05__tool_01,burn_05|tool_01,burn_05,첫 불티,tool_01,도가니,CATALYST,tool_01,달궈진,burn_05,불티,RESULT_CLASS,CATALYZED_BURN,,,달궈진 불티,CATALYZED_BURN,0,
232,forge__burn_05__tool_02,burn_05|tool_02,burn_05,첫 불티,tool_02,집게,CATALYST,tool_02,집어올린,burn_05,불티,RESULT_CLASS,CATALYZED_BURN,,,집어올린 불티,CATALYZED_BURN,0,
233,forge__burn_05__tool_03,burn_05|tool_03,burn_05,첫 불티,tool_03,체,CATALYST,tool_03,걸러진,burn_05,불티,RESULT_CLASS,CATALYZED_BURN,,,걸러진 불티,CATALYZED_BURN,0,
234,forge__burn_05__tool_04,burn_05|tool_04,burn_05,첫 불티,tool_04,등불,CATALYST,tool_04,밝혀진,burn_05,불티,RESULT_CLASS,CATALYZED_BURN,,,밝혀진 불티,CATALYZED_BURN,0,
235,forge__burn_05__tool_05,burn_05|tool_05,burn_05,첫 불티,tool_05,계측기,CATALYST,tool_05,재어진,burn_05,불티,RESULT_CLASS,CATALYZED_BURN,,,재어진 불티,CATALYZED_BURN,0,
236,forge__burn_05__tool_06,burn_05|tool_06,burn_05,첫 불티,tool_06,풀무,CATALYST,tool_06,불어넣은,burn_05,불티,RESULT_CLASS,CATALYZED_BURN,,,불어넣은 불티,CATALYZED_BURN,0,
237,forge__burn_05__tool_07,burn_05|tool_07,burn_05,첫 불티,tool_07,저울,CATALYST,tool_07,달아본,burn_05,불티,RESULT_CLASS,CATALYZED_BURN,,,달아본 불티,CATALYZED_BURN,0,
238,forge__burn_05__tool_08,burn_05|tool_08,burn_05,첫 불티,tool_08,표본 상자,CATALYST,tool_08,갈무리한,burn_05,불티,RESULT_CLASS,CATALYZED_BURN,,,갈무리한 불티,CATALYZED_BURN,0,
239,forge__burn_05__tool_09,burn_05|tool_09,burn_05,첫 불티,tool_09,갱도 지도,CATALYST,tool_09,그려진,burn_05,불티,RESULT_CLASS,CATALYZED_BURN,,,그려진 불티,CATALYZED_BURN,0,
240,forge__burn_05__tool_10,burn_05|tool_10,burn_05,첫 불티,tool_10,손수레,CATALYST,tool_10,실려온,burn_05,불티,RESULT_CLASS,CATALYZED_BURN,,,실려온 불티,CATALYZED_BURN,0,
241,forge__burn_05__wash_01,burn_05|wash_01,burn_05,첫 불티,wash_01,맑은 눈물,LAW,burn_05,불붙은,wash_01,눈물,LAW,BURN|WASH,BURN|WASH,불로 씻으면 태워서 없앤다.,불붙은 눈물,SEARING,0,
242,forge__burn_05__wash_02,burn_05|wash_02,burn_05,첫 불티,wash_02,닳은 돌,LAW,burn_05,불붙은,wash_02,돌,LAW,BURN|WASH,BURN|WASH,불로 씻으면 태워서 없앤다.,불붙은 돌,SEARING,0,
243,forge__burn_05__wash_03,burn_05|wash_03,burn_05,첫 불티,wash_03,빈 껍질,LAW,burn_05,불붙은,wash_03,껍질,LAW,BURN|WASH,BURN|WASH,불로 씻으면 태워서 없앤다.,불붙은 껍질,SEARING,0,
244,forge__burn_05__wash_04,burn_05|wash_04,burn_05,첫 불티,wash_04,지워진 자국,LAW,burn_05,불붙은,wash_04,자국,LAW,BURN|WASH,BURN|WASH,불로 씻으면 태워서 없앤다.,불붙은 자국,SEARING,0,
245,forge__burn_05__wash_05,burn_05|wash_05,burn_05,첫 불티,wash_05,가라앉은 앙금,LAW,burn_05,불붙은,wash_05,앙금,LAW,BURN|WASH,BURN|WASH,불로 씻으면 태워서 없앤다.,불붙은 앙금,SEARING,0,
246,forge__join_01__join_02,join_01|join_02,join_01,엉킨 실,join_02,붙은 손,LAW,join_01,엉킨,join_02,손,LAW,JOIN|JOIN,JOIN|JOIN,결속이 겹치면 다음 빚기가 두 번 이어진다.,엉킨 손,KNOT,0,
247,forge__join_01__join_03,join_01|join_03,join_01,엉킨 실,join_03,자란 매듭,LAW,join_01,엉킨,join_03,매듭,LAW,JOIN|JOIN,JOIN|JOIN,결속이 겹치면 다음 빚기가 두 번 이어진다.,엉킨 매듭,KNOT,0,
248,forge__join_01__join_04,join_01|join_04,join_01,엉킨 실,join_04,이어진 그림자,LAW,join_01,엉킨,join_04,그림자,LAW,JOIN|JOIN,JOIN|JOIN,결속이 겹치면 다음 빚기가 두 번 이어진다.,엉킨 그림자,KNOT,0,
249,forge__join_01__join_05,join_01|join_05,join_01,엉킨 실,join_05,겹친 소리,LAW,join_01,엉킨,join_05,소리,LAW,JOIN|JOIN,JOIN|JOIN,결속이 겹치면 다음 빚기가 두 번 이어진다.,엉킨 소리,KNOT,0,
250,forge__join_01__odd_01,join_01|odd_01,join_01,엉킨 실,odd_01,걸어다니는 주전자,LAW,join_01,엉킨,odd_01,주전자,LAW,JOIN|JOIN,JOIN|JOIN,결속이 겹치면 다음 빚기가 두 번 이어진다.,엉킨 주전자,KNOT,0,
251,forge__join_01__odd_02,join_01|odd_02,join_01,엉킨 실,odd_02,두 번 접힌 사다리,LAW,odd_02,두 번 접힌,join_01,실,LAW,STILL|JOIN,STILL|JOIN,이어붙이면 더 굳는다.,두 번 접힌 실,HARDENED,0,
252,forge__join_01__odd_03,join_01|odd_03,join_01,엉킨 실,odd_03,스스로 켜지는 초,LAW,odd_03,스스로 켜지는,join_01,실,LAW,BURN|JOIN,BURN|JOIN,이어붙이면 더 크게 탄다.,스스로 켜지는 실,KINDLED,0,
253,forge__join_01__odd_04,join_01|odd_04,join_01,엉킨 실,odd_04,뒤집힌 장갑,LAW,odd_04,뒤집힌,join_01,실,LAW,WASH|JOIN,WASH|JOIN,이어붙이면 더 맑아진다.,뒤집힌 실,CLARIFIED,0,
254,forge__join_01__odd_05,join_01|odd_05,join_01,엉킨 실,odd_05,노래하는 못,LAW,join_01,엉킨,odd_05,못,LAW,JOIN|JOIN,JOIN|JOIN,결속이 겹치면 다음 빚기가 두 번 이어진다.,엉킨 못,KNOT,0,
255,forge__join_01__odd_06,join_01|odd_06,join_01,엉킨 실,odd_06,자기를 재는 자,LAW,odd_06,자기를 재는,join_01,실,LAW,ROT|JOIN,ROT|JOIN,이어붙이면 더 삭는다.,자기를 재는 실,FESTERED,0,
256,forge__join_01__ore_burn,join_01|ore_burn,join_01,엉킨 실,ore_burn,타는 조각,LAW,ore_burn,타는,join_01,실,LAW,BURN|JOIN,BURN|JOIN,이어붙이면 더 크게 탄다.,타는 실,KINDLED,0,
257,forge__join_01__ore_join,join_01|ore_join,join_01,엉킨 실,ore_join,엉긴 조각,LAW,join_01,엉킨,ore_join,뭉치,LAW,JOIN|JOIN,JOIN|JOIN,결속이 겹치면 다음 빚기가 두 번 이어진다.,엉킨 뭉치,KNOT,0,
258,forge__join_01__ore_rot,join_01|ore_rot,join_01,엉킨 실,ore_rot,삭은 조각,LAW,ore_rot,삭은,join_01,실,LAW,ROT|JOIN,ROT|JOIN,이어붙이면 더 삭는다.,삭은 실,FESTERED,0,
259,forge__join_01__ore_scatter,join_01|ore_scatter,join_01,엉킨 실,ore_scatter,흩어지는 조각,LAW,ore_scatter,흩어지는,join_01,실,LAW,SCATTER|JOIN,SCATTER|JOIN,이어붙이면 더 빨라진다.,흩어지는 실,QUICKENED,0,
260,forge__join_01__ore_still,join_01|ore_still,join_01,엉킨 실,ore_still,굳은 조각,LAW,ore_still,굳은,join_01,실,LAW,STILL|JOIN,STILL|JOIN,이어붙이면 더 굳는다.,굳은 실,HARDENED,0,
261,forge__join_01__ore_wash,join_01|ore_wash,join_01,엉킨 실,ore_wash,씻긴 조각,LAW,ore_wash,씻긴,join_01,실,LAW,WASH|JOIN,WASH|JOIN,이어붙이면 더 맑아진다.,씻긴 실,CLARIFIED,0,
262,forge__join_01__rot_01,join_01|rot_01,join_01,엉킨 실,rot_01,딱지,LAW,rot_01,앉은,join_01,실,LAW,ROT|JOIN,ROT|JOIN,이어붙이면 더 삭는다.,앉은 실,FESTERED,0,
263,forge__join_01__rot_02,join_01|rot_02,join_01,엉킨 실,rot_02,무른 뿌리,LAW,rot_02,무른,join_01,실,LAW,ROT|JOIN,ROT|JOIN,이어붙이면 더 삭는다.,무른 실,FESTERED,0,
264,forge__join_01__rot_03,join_01|rot_03,join_01,엉킨 실,rot_03,곰팡이 꽃,LAW,rot_03,핀,join_01,실,LAW,ROT|JOIN,ROT|JOIN,이어붙이면 더 삭는다.,핀 실,FESTERED,0,
265,forge__join_01__rot_04,join_01|rot_04,join_01,엉킨 실,rot_04,번지는 얼룩,LAW,rot_04,번지는,join_01,실,LAW,ROT|JOIN,ROT|JOIN,이어붙이면 더 삭는다.,번지는 실,FESTERED,0,
266,forge__join_01__rot_05,join_01|rot_05,join_01,엉킨 실,rot_05,내려앉은 냄새,LAW,rot_05,내려앉은,join_01,실,LAW,ROT|JOIN,ROT|JOIN,이어붙이면 더 삭는다.,내려앉은 실,FESTERED,0,
267,forge__join_01__scat_01,join_01|scat_01,join_01,엉킨 실,scat_01,가벼운 뼈,LAW,scat_01,가벼운,join_01,실,LAW,SCATTER|JOIN,SCATTER|JOIN,이어붙이면 더 빨라진다.,가벼운 실,QUICKENED,0,
268,forge__join_01__scat_02,join_01|scat_02,join_01,엉킨 실,scat_02,흩날리는 씨,LAW,scat_02,흩날리는,join_01,실,LAW,SCATTER|JOIN,SCATTER|JOIN,이어붙이면 더 빨라진다.,흩날리는 실,QUICKENED,0,
269,forge__join_01__scat_03,join_01|scat_03,join_01,엉킨 실,scat_03,벗겨진 껍데기,LAW,scat_03,벗겨진,join_01,실,LAW,SCATTER|JOIN,SCATTER|JOIN,이어붙이면 더 빨라진다.,벗겨진 실,QUICKENED,0,
270,forge__join_01__scat_04,join_01|scat_04,join_01,엉킨 실,scat_04,뜬 먼지,LAW,scat_04,뜬,join_01,실,LAW,SCATTER|JOIN,SCATTER|JOIN,이어붙이면 더 빨라진다.,뜬 실,QUICKENED,0,
271,forge__join_01__scat_05,join_01|scat_05,join_01,엉킨 실,scat_05,마른 바람,LAW,scat_05,마른,join_01,실,LAW,SCATTER|JOIN,SCATTER|JOIN,이어붙이면 더 빨라진다.,마른 실,QUICKENED,0,
272,forge__join_01__still_01,join_01|still_01,join_01,엉킨 실,still_01,서리꽃,LAW,still_01,서리 낀,join_01,실,LAW,STILL|JOIN,STILL|JOIN,이어붙이면 더 굳는다.,서리 낀 실,HARDENED,0,
273,forge__join_01__still_02,join_01|still_02,join_01,엉킨 실,still_02,멈춘 물방울,LAW,still_02,멈춘,join_01,실,LAW,STILL|JOIN,STILL|JOIN,이어붙이면 더 굳는다.,멈춘 실,HARDENED,0,
274,forge__join_01__still_03,join_01|still_03,join_01,엉킨 실,still_03,잠긴 발자국,LAW,still_03,잠긴,join_01,실,LAW,STILL|JOIN,STILL|JOIN,이어붙이면 더 굳는다.,잠긴 실,HARDENED,0,
275,forge__join_01__still_04,join_01|still_04,join_01,엉킨 실,still_04,굳은 숨,LAW,still_04,숨 멎은,join_01,실,LAW,STILL|JOIN,STILL|JOIN,이어붙이면 더 굳는다.,숨 멎은 실,HARDENED,0,
276,forge__join_01__still_05,join_01|still_05,join_01,엉킨 실,still_05,그친 종소리,LAW,still_05,그친,join_01,실,LAW,STILL|JOIN,STILL|JOIN,이어붙이면 더 굳는다.,그친 실,HARDENED,0,
277,forge__join_01__tool_01,join_01|tool_01,join_01,엉킨 실,tool_01,도가니,CATALYST,tool_01,달궈진,join_01,실,RESULT_CLASS,CATALYZED_JOIN,,,달궈진 실,CATALYZED_JOIN,0,
278,forge__join_01__tool_02,join_01|tool_02,join_01,엉킨 실,tool_02,집게,CATALYST,tool_02,집어올린,join_01,실,RESULT_CLASS,CATALYZED_JOIN,,,집어올린 실,CATALYZED_JOIN,0,
279,forge__join_01__tool_03,join_01|tool_03,join_01,엉킨 실,tool_03,체,CATALYST,tool_03,걸러진,join_01,실,RESULT_CLASS,CATALYZED_JOIN,,,걸러진 실,CATALYZED_JOIN,0,
280,forge__join_01__tool_04,join_01|tool_04,join_01,엉킨 실,tool_04,등불,CATALYST,tool_04,밝혀진,join_01,실,RESULT_CLASS,CATALYZED_JOIN,,,밝혀진 실,CATALYZED_JOIN,0,
281,forge__join_01__tool_05,join_01|tool_05,join_01,엉킨 실,tool_05,계측기,CATALYST,tool_05,재어진,join_01,실,RESULT_CLASS,CATALYZED_JOIN,,,재어진 실,CATALYZED_JOIN,0,
282,forge__join_01__tool_06,join_01|tool_06,join_01,엉킨 실,tool_06,풀무,CATALYST,tool_06,불어넣은,join_01,실,RESULT_CLASS,CATALYZED_JOIN,,,불어넣은 실,CATALYZED_JOIN,0,
283,forge__join_01__tool_07,join_01|tool_07,join_01,엉킨 실,tool_07,저울,CATALYST,tool_07,달아본,join_01,실,RESULT_CLASS,CATALYZED_JOIN,,,달아본 실,CATALYZED_JOIN,0,
284,forge__join_01__tool_08,join_01|tool_08,join_01,엉킨 실,tool_08,표본 상자,CATALYST,tool_08,갈무리한,join_01,실,RESULT_CLASS,CATALYZED_JOIN,,,갈무리한 실,CATALYZED_JOIN,0,
285,forge__join_01__tool_09,join_01|tool_09,join_01,엉킨 실,tool_09,갱도 지도,CATALYST,tool_09,그려진,join_01,실,RESULT_CLASS,CATALYZED_JOIN,,,그려진 실,CATALYZED_JOIN,0,
286,forge__join_01__tool_10,join_01|tool_10,join_01,엉킨 실,tool_10,손수레,CATALYST,tool_10,실려온,join_01,실,RESULT_CLASS,CATALYZED_JOIN,,,실려온 실,CATALYZED_JOIN,1,NARROW_NOUN_ECHO
287,forge__join_01__wash_01,join_01|wash_01,join_01,엉킨 실,wash_01,맑은 눈물,LAW,wash_01,맑은,join_01,실,LAW,WASH|JOIN,WASH|JOIN,이어붙이면 더 맑아진다.,맑은 실,CLARIFIED,0,
288,forge__join_01__wash_02,join_01|wash_02,join_01,엉킨 실,wash_02,닳은 돌,LAW,wash_02,닳은,join_01,실,LAW,WASH|JOIN,WASH|JOIN,이어붙이면 더 맑아진다.,닳은 실,CLARIFIED,0,
289,forge__join_01__wash_03,join_01|wash_03,join_01,엉킨 실,wash_03,빈 껍질,LAW,wash_03,빈,join_01,실,LAW,WASH|JOIN,WASH|JOIN,이어붙이면 더 맑아진다.,빈 실,CLARIFIED,0,
290,forge__join_01__wash_04,join_01|wash_04,join_01,엉킨 실,wash_04,지워진 자국,LAW,wash_04,지워진,join_01,실,LAW,WASH|JOIN,WASH|JOIN,이어붙이면 더 맑아진다.,지워진 실,CLARIFIED,0,
291,forge__join_01__wash_05,join_01|wash_05,join_01,엉킨 실,wash_05,가라앉은 앙금,LAW,wash_05,가라앉은,join_01,실,LAW,WASH|JOIN,WASH|JOIN,이어붙이면 더 맑아진다.,가라앉은 실,CLARIFIED,0,
292,forge__join_02__join_03,join_02|join_03,join_02,붙은 손,join_03,자란 매듭,LAW,join_02,붙은,join_03,매듭,LAW,JOIN|JOIN,JOIN|JOIN,결속이 겹치면 다음 빚기가 두 번 이어진다.,붙은 매듭,KNOT,0,
293,forge__join_02__join_04,join_02|join_04,join_02,붙은 손,join_04,이어진 그림자,LAW,join_02,붙은,join_04,그림자,LAW,JOIN|JOIN,JOIN|JOIN,결속이 겹치면 다음 빚기가 두 번 이어진다.,붙은 그림자,KNOT,0,
294,forge__join_02__join_05,join_02|join_05,join_02,붙은 손,join_05,겹친 소리,LAW,join_02,붙은,join_05,소리,LAW,JOIN|JOIN,JOIN|JOIN,결속이 겹치면 다음 빚기가 두 번 이어진다.,붙은 소리,KNOT,0,
295,forge__join_02__odd_01,join_02|odd_01,join_02,붙은 손,odd_01,걸어다니는 주전자,LAW,join_02,붙은,odd_01,주전자,LAW,JOIN|JOIN,JOIN|JOIN,결속이 겹치면 다음 빚기가 두 번 이어진다.,붙은 주전자,KNOT,0,
296,forge__join_02__odd_02,join_02|odd_02,join_02,붙은 손,odd_02,두 번 접힌 사다리,LAW,odd_02,두 번 접힌,join_02,손,LAW,STILL|JOIN,STILL|JOIN,이어붙이면 더 굳는다.,두 번 접힌 손,HARDENED,0,
297,forge__join_02__odd_03,join_02|odd_03,join_02,붙은 손,odd_03,스스로 켜지는 초,LAW,odd_03,스스로 켜지는,join_02,손,LAW,BURN|JOIN,BURN|JOIN,이어붙이면 더 크게 탄다.,스스로 켜지는 손,KINDLED,0,
298,forge__join_02__odd_04,join_02|odd_04,join_02,붙은 손,odd_04,뒤집힌 장갑,LAW,odd_04,뒤집힌,join_02,손,LAW,WASH|JOIN,WASH|JOIN,이어붙이면 더 맑아진다.,뒤집힌 손,CLARIFIED,0,
299,forge__join_02__odd_05,join_02|odd_05,join_02,붙은 손,odd_05,노래하는 못,LAW,join_02,붙은,odd_05,못,LAW,JOIN|JOIN,JOIN|JOIN,결속이 겹치면 다음 빚기가 두 번 이어진다.,붙은 못,KNOT,0,
300,forge__join_02__odd_06,join_02|odd_06,join_02,붙은 손,odd_06,자기를 재는 자,LAW,odd_06,자기를 재는,join_02,손,LAW,ROT|JOIN,ROT|JOIN,이어붙이면 더 삭는다.,자기를 재는 손,FESTERED,0,
301,forge__join_02__ore_burn,join_02|ore_burn,join_02,붙은 손,ore_burn,타는 조각,LAW,ore_burn,타는,join_02,손,LAW,BURN|JOIN,BURN|JOIN,이어붙이면 더 크게 탄다.,타는 손,KINDLED,0,
302,forge__join_02__ore_join,join_02|ore_join,join_02,붙은 손,ore_join,엉긴 조각,LAW,join_02,붙은,ore_join,뭉치,LAW,JOIN|JOIN,JOIN|JOIN,결속이 겹치면 다음 빚기가 두 번 이어진다.,붙은 뭉치,KNOT,0,
303,forge__join_02__ore_rot,join_02|ore_rot,join_02,붙은 손,ore_rot,삭은 조각,LAW,ore_rot,삭은,join_02,손,LAW,ROT|JOIN,ROT|JOIN,이어붙이면 더 삭는다.,삭은 손,FESTERED,0,
304,forge__join_02__ore_scatter,join_02|ore_scatter,join_02,붙은 손,ore_scatter,흩어지는 조각,LAW,ore_scatter,흩어지는,join_02,손,LAW,SCATTER|JOIN,SCATTER|JOIN,이어붙이면 더 빨라진다.,흩어지는 손,QUICKENED,0,
305,forge__join_02__ore_still,join_02|ore_still,join_02,붙은 손,ore_still,굳은 조각,LAW,ore_still,굳은,join_02,손,LAW,STILL|JOIN,STILL|JOIN,이어붙이면 더 굳는다.,굳은 손,HARDENED,0,
306,forge__join_02__ore_wash,join_02|ore_wash,join_02,붙은 손,ore_wash,씻긴 조각,LAW,ore_wash,씻긴,join_02,손,LAW,WASH|JOIN,WASH|JOIN,이어붙이면 더 맑아진다.,씻긴 손,CLARIFIED,0,
307,forge__join_02__rot_01,join_02|rot_01,join_02,붙은 손,rot_01,딱지,LAW,rot_01,앉은,join_02,손,LAW,ROT|JOIN,ROT|JOIN,이어붙이면 더 삭는다.,앉은 손,FESTERED,0,
308,forge__join_02__rot_02,join_02|rot_02,join_02,붙은 손,rot_02,무른 뿌리,LAW,rot_02,무른,join_02,손,LAW,ROT|JOIN,ROT|JOIN,이어붙이면 더 삭는다.,무른 손,FESTERED,0,
309,forge__join_02__rot_03,join_02|rot_03,join_02,붙은 손,rot_03,곰팡이 꽃,LAW,rot_03,핀,join_02,손,LAW,ROT|JOIN,ROT|JOIN,이어붙이면 더 삭는다.,핀 손,FESTERED,0,
310,forge__join_02__rot_04,join_02|rot_04,join_02,붙은 손,rot_04,번지는 얼룩,LAW,rot_04,번지는,join_02,손,LAW,ROT|JOIN,ROT|JOIN,이어붙이면 더 삭는다.,번지는 손,FESTERED,0,
311,forge__join_02__rot_05,join_02|rot_05,join_02,붙은 손,rot_05,내려앉은 냄새,LAW,rot_05,내려앉은,join_02,손,LAW,ROT|JOIN,ROT|JOIN,이어붙이면 더 삭는다.,내려앉은 손,FESTERED,0,
312,forge__join_02__scat_01,join_02|scat_01,join_02,붙은 손,scat_01,가벼운 뼈,LAW,scat_01,가벼운,join_02,손,LAW,SCATTER|JOIN,SCATTER|JOIN,이어붙이면 더 빨라진다.,가벼운 손,QUICKENED,0,
313,forge__join_02__scat_02,join_02|scat_02,join_02,붙은 손,scat_02,흩날리는 씨,LAW,scat_02,흩날리는,join_02,손,LAW,SCATTER|JOIN,SCATTER|JOIN,이어붙이면 더 빨라진다.,흩날리는 손,QUICKENED,0,
314,forge__join_02__scat_03,join_02|scat_03,join_02,붙은 손,scat_03,벗겨진 껍데기,LAW,scat_03,벗겨진,join_02,손,LAW,SCATTER|JOIN,SCATTER|JOIN,이어붙이면 더 빨라진다.,벗겨진 손,QUICKENED,0,
315,forge__join_02__scat_04,join_02|scat_04,join_02,붙은 손,scat_04,뜬 먼지,LAW,scat_04,뜬,join_02,손,LAW,SCATTER|JOIN,SCATTER|JOIN,이어붙이면 더 빨라진다.,뜬 손,QUICKENED,0,
316,forge__join_02__scat_05,join_02|scat_05,join_02,붙은 손,scat_05,마른 바람,LAW,scat_05,마른,join_02,손,LAW,SCATTER|JOIN,SCATTER|JOIN,이어붙이면 더 빨라진다.,마른 손,QUICKENED,0,
317,forge__join_02__still_01,join_02|still_01,join_02,붙은 손,still_01,서리꽃,LAW,still_01,서리 낀,join_02,손,LAW,STILL|JOIN,STILL|JOIN,이어붙이면 더 굳는다.,서리 낀 손,HARDENED,0,
318,forge__join_02__still_02,join_02|still_02,join_02,붙은 손,still_02,멈춘 물방울,LAW,still_02,멈춘,join_02,손,LAW,STILL|JOIN,STILL|JOIN,이어붙이면 더 굳는다.,멈춘 손,HARDENED,0,
319,forge__join_02__still_03,join_02|still_03,join_02,붙은 손,still_03,잠긴 발자국,LAW,still_03,잠긴,join_02,손,LAW,STILL|JOIN,STILL|JOIN,이어붙이면 더 굳는다.,잠긴 손,HARDENED,0,
320,forge__join_02__still_04,join_02|still_04,join_02,붙은 손,still_04,굳은 숨,LAW,still_04,숨 멎은,join_02,손,LAW,STILL|JOIN,STILL|JOIN,이어붙이면 더 굳는다.,숨 멎은 손,HARDENED,0,
321,forge__join_02__still_05,join_02|still_05,join_02,붙은 손,still_05,그친 종소리,LAW,still_05,그친,join_02,손,LAW,STILL|JOIN,STILL|JOIN,이어붙이면 더 굳는다.,그친 손,HARDENED,0,
322,forge__join_02__tool_01,join_02|tool_01,join_02,붙은 손,tool_01,도가니,CATALYST,tool_01,달궈진,join_02,손,RESULT_CLASS,CATALYZED_JOIN,,,달궈진 손,CATALYZED_JOIN,0,
323,forge__join_02__tool_02,join_02|tool_02,join_02,붙은 손,tool_02,집게,CATALYST,tool_02,집어올린,join_02,손,RESULT_CLASS,CATALYZED_JOIN,,,집어올린 손,CATALYZED_JOIN,0,
324,forge__join_02__tool_03,join_02|tool_03,join_02,붙은 손,tool_03,체,CATALYST,tool_03,걸러진,join_02,손,RESULT_CLASS,CATALYZED_JOIN,,,걸러진 손,CATALYZED_JOIN,0,
325,forge__join_02__tool_04,join_02|tool_04,join_02,붙은 손,tool_04,등불,CATALYST,tool_04,밝혀진,join_02,손,RESULT_CLASS,CATALYZED_JOIN,,,밝혀진 손,CATALYZED_JOIN,0,
326,forge__join_02__tool_05,join_02|tool_05,join_02,붙은 손,tool_05,계측기,CATALYST,tool_05,재어진,join_02,손,RESULT_CLASS,CATALYZED_JOIN,,,재어진 손,CATALYZED_JOIN,0,
327,forge__join_02__tool_06,join_02|tool_06,join_02,붙은 손,tool_06,풀무,CATALYST,tool_06,불어넣은,join_02,손,RESULT_CLASS,CATALYZED_JOIN,,,불어넣은 손,CATALYZED_JOIN,0,
328,forge__join_02__tool_07,join_02|tool_07,join_02,붙은 손,tool_07,저울,CATALYST,tool_07,달아본,join_02,손,RESULT_CLASS,CATALYZED_JOIN,,,달아본 손,CATALYZED_JOIN,0,
329,forge__join_02__tool_08,join_02|tool_08,join_02,붙은 손,tool_08,표본 상자,CATALYST,tool_08,갈무리한,join_02,손,RESULT_CLASS,CATALYZED_JOIN,,,갈무리한 손,CATALYZED_JOIN,0,
330,forge__join_02__tool_09,join_02|tool_09,join_02,붙은 손,tool_09,갱도 지도,CATALYST,tool_09,그려진,join_02,손,RESULT_CLASS,CATALYZED_JOIN,,,그려진 손,CATALYZED_JOIN,0,
331,forge__join_02__tool_10,join_02|tool_10,join_02,붙은 손,tool_10,손수레,CATALYST,tool_10,실려온,join_02,손,RESULT_CLASS,CATALYZED_JOIN,,,실려온 손,CATALYZED_JOIN,0,
332,forge__join_02__wash_01,join_02|wash_01,join_02,붙은 손,wash_01,맑은 눈물,LAW,wash_01,맑은,join_02,손,LAW,WASH|JOIN,WASH|JOIN,이어붙이면 더 맑아진다.,맑은 손,CLARIFIED,0,
333,forge__join_02__wash_02,join_02|wash_02,join_02,붙은 손,wash_02,닳은 돌,LAW,wash_02,닳은,join_02,손,LAW,WASH|JOIN,WASH|JOIN,이어붙이면 더 맑아진다.,닳은 손,CLARIFIED,0,
334,forge__join_02__wash_03,join_02|wash_03,join_02,붙은 손,wash_03,빈 껍질,LAW,wash_03,빈,join_02,손,LAW,WASH|JOIN,WASH|JOIN,이어붙이면 더 맑아진다.,빈 손,CLARIFIED,0,
335,forge__join_02__wash_04,join_02|wash_04,join_02,붙은 손,wash_04,지워진 자국,LAW,wash_04,지워진,join_02,손,LAW,WASH|JOIN,WASH|JOIN,이어붙이면 더 맑아진다.,지워진 손,CLARIFIED,0,
336,forge__join_02__wash_05,join_02|wash_05,join_02,붙은 손,wash_05,가라앉은 앙금,LAW,wash_05,가라앉은,join_02,손,LAW,WASH|JOIN,WASH|JOIN,이어붙이면 더 맑아진다.,가라앉은 손,CLARIFIED,0,
337,forge__join_03__join_04,join_03|join_04,join_03,자란 매듭,join_04,이어진 그림자,LAW,join_03,자란,join_04,그림자,LAW,JOIN|JOIN,JOIN|JOIN,결속이 겹치면 다음 빚기가 두 번 이어진다.,자란 그림자,KNOT,0,
338,forge__join_03__join_05,join_03|join_05,join_03,자란 매듭,join_05,겹친 소리,LAW,join_03,자란,join_05,소리,LAW,JOIN|JOIN,JOIN|JOIN,결속이 겹치면 다음 빚기가 두 번 이어진다.,자란 소리,KNOT,0,
339,forge__join_03__odd_01,join_03|odd_01,join_03,자란 매듭,odd_01,걸어다니는 주전자,LAW,join_03,자란,odd_01,주전자,LAW,JOIN|JOIN,JOIN|JOIN,결속이 겹치면 다음 빚기가 두 번 이어진다.,자란 주전자,KNOT,0,
340,forge__join_03__odd_02,join_03|odd_02,join_03,자란 매듭,odd_02,두 번 접힌 사다리,LAW,odd_02,두 번 접힌,join_03,매듭,LAW,STILL|JOIN,STILL|JOIN,이어붙이면 더 굳는다.,두 번 접힌 매듭,HARDENED,0,
341,forge__join_03__odd_03,join_03|odd_03,join_03,자란 매듭,odd_03,스스로 켜지는 초,LAW,odd_03,스스로 켜지는,join_03,매듭,LAW,BURN|JOIN,BURN|JOIN,이어붙이면 더 크게 탄다.,스스로 켜지는 매듭,KINDLED,0,
342,forge__join_03__odd_04,join_03|odd_04,join_03,자란 매듭,odd_04,뒤집힌 장갑,LAW,odd_04,뒤집힌,join_03,매듭,LAW,WASH|JOIN,WASH|JOIN,이어붙이면 더 맑아진다.,뒤집힌 매듭,CLARIFIED,0,
343,forge__join_03__odd_05,join_03|odd_05,join_03,자란 매듭,odd_05,노래하는 못,LAW,join_03,자란,odd_05,못,LAW,JOIN|JOIN,JOIN|JOIN,결속이 겹치면 다음 빚기가 두 번 이어진다.,자란 못,KNOT,0,
344,forge__join_03__odd_06,join_03|odd_06,join_03,자란 매듭,odd_06,자기를 재는 자,LAW,odd_06,자기를 재는,join_03,매듭,LAW,ROT|JOIN,ROT|JOIN,이어붙이면 더 삭는다.,자기를 재는 매듭,FESTERED,0,
345,forge__join_03__ore_burn,join_03|ore_burn,join_03,자란 매듭,ore_burn,타는 조각,LAW,ore_burn,타는,join_03,매듭,LAW,BURN|JOIN,BURN|JOIN,이어붙이면 더 크게 탄다.,타는 매듭,KINDLED,0,
346,forge__join_03__ore_join,join_03|ore_join,join_03,자란 매듭,ore_join,엉긴 조각,LAW,join_03,자란,ore_join,뭉치,LAW,JOIN|JOIN,JOIN|JOIN,결속이 겹치면 다음 빚기가 두 번 이어진다.,자란 뭉치,KNOT,0,
347,forge__join_03__ore_rot,join_03|ore_rot,join_03,자란 매듭,ore_rot,삭은 조각,LAW,ore_rot,삭은,join_03,매듭,LAW,ROT|JOIN,ROT|JOIN,이어붙이면 더 삭는다.,삭은 매듭,FESTERED,0,
348,forge__join_03__ore_scatter,join_03|ore_scatter,join_03,자란 매듭,ore_scatter,흩어지는 조각,LAW,ore_scatter,흩어지는,join_03,매듭,LAW,SCATTER|JOIN,SCATTER|JOIN,이어붙이면 더 빨라진다.,흩어지는 매듭,QUICKENED,0,
349,forge__join_03__ore_still,join_03|ore_still,join_03,자란 매듭,ore_still,굳은 조각,LAW,ore_still,굳은,join_03,매듭,LAW,STILL|JOIN,STILL|JOIN,이어붙이면 더 굳는다.,굳은 매듭,HARDENED,0,
350,forge__join_03__ore_wash,join_03|ore_wash,join_03,자란 매듭,ore_wash,씻긴 조각,LAW,ore_wash,씻긴,join_03,매듭,LAW,WASH|JOIN,WASH|JOIN,이어붙이면 더 맑아진다.,씻긴 매듭,CLARIFIED,0,
351,forge__join_03__rot_01,join_03|rot_01,join_03,자란 매듭,rot_01,딱지,LAW,rot_01,앉은,join_03,매듭,LAW,ROT|JOIN,ROT|JOIN,이어붙이면 더 삭는다.,앉은 매듭,FESTERED,0,
352,forge__join_03__rot_02,join_03|rot_02,join_03,자란 매듭,rot_02,무른 뿌리,LAW,rot_02,무른,join_03,매듭,LAW,ROT|JOIN,ROT|JOIN,이어붙이면 더 삭는다.,무른 매듭,FESTERED,0,
353,forge__join_03__rot_03,join_03|rot_03,join_03,자란 매듭,rot_03,곰팡이 꽃,LAW,rot_03,핀,join_03,매듭,LAW,ROT|JOIN,ROT|JOIN,이어붙이면 더 삭는다.,핀 매듭,FESTERED,0,
354,forge__join_03__rot_04,join_03|rot_04,join_03,자란 매듭,rot_04,번지는 얼룩,LAW,rot_04,번지는,join_03,매듭,LAW,ROT|JOIN,ROT|JOIN,이어붙이면 더 삭는다.,번지는 매듭,FESTERED,0,
355,forge__join_03__rot_05,join_03|rot_05,join_03,자란 매듭,rot_05,내려앉은 냄새,LAW,rot_05,내려앉은,join_03,매듭,LAW,ROT|JOIN,ROT|JOIN,이어붙이면 더 삭는다.,내려앉은 매듭,FESTERED,0,
356,forge__join_03__scat_01,join_03|scat_01,join_03,자란 매듭,scat_01,가벼운 뼈,LAW,scat_01,가벼운,join_03,매듭,LAW,SCATTER|JOIN,SCATTER|JOIN,이어붙이면 더 빨라진다.,가벼운 매듭,QUICKENED,0,
357,forge__join_03__scat_02,join_03|scat_02,join_03,자란 매듭,scat_02,흩날리는 씨,LAW,scat_02,흩날리는,join_03,매듭,LAW,SCATTER|JOIN,SCATTER|JOIN,이어붙이면 더 빨라진다.,흩날리는 매듭,QUICKENED,0,
358,forge__join_03__scat_03,join_03|scat_03,join_03,자란 매듭,scat_03,벗겨진 껍데기,LAW,scat_03,벗겨진,join_03,매듭,LAW,SCATTER|JOIN,SCATTER|JOIN,이어붙이면 더 빨라진다.,벗겨진 매듭,QUICKENED,0,
359,forge__join_03__scat_04,join_03|scat_04,join_03,자란 매듭,scat_04,뜬 먼지,LAW,scat_04,뜬,join_03,매듭,LAW,SCATTER|JOIN,SCATTER|JOIN,이어붙이면 더 빨라진다.,뜬 매듭,QUICKENED,0,
360,forge__join_03__scat_05,join_03|scat_05,join_03,자란 매듭,scat_05,마른 바람,LAW,scat_05,마른,join_03,매듭,LAW,SCATTER|JOIN,SCATTER|JOIN,이어붙이면 더 빨라진다.,마른 매듭,QUICKENED,0,
361,forge__join_03__still_01,join_03|still_01,join_03,자란 매듭,still_01,서리꽃,LAW,still_01,서리 낀,join_03,매듭,LAW,STILL|JOIN,STILL|JOIN,이어붙이면 더 굳는다.,서리 낀 매듭,HARDENED,0,
362,forge__join_03__still_02,join_03|still_02,join_03,자란 매듭,still_02,멈춘 물방울,LAW,still_02,멈춘,join_03,매듭,LAW,STILL|JOIN,STILL|JOIN,이어붙이면 더 굳는다.,멈춘 매듭,HARDENED,0,
363,forge__join_03__still_03,join_03|still_03,join_03,자란 매듭,still_03,잠긴 발자국,LAW,still_03,잠긴,join_03,매듭,LAW,STILL|JOIN,STILL|JOIN,이어붙이면 더 굳는다.,잠긴 매듭,HARDENED,0,
364,forge__join_03__still_04,join_03|still_04,join_03,자란 매듭,still_04,굳은 숨,LAW,still_04,숨 멎은,join_03,매듭,LAW,STILL|JOIN,STILL|JOIN,이어붙이면 더 굳는다.,숨 멎은 매듭,HARDENED,0,
365,forge__join_03__still_05,join_03|still_05,join_03,자란 매듭,still_05,그친 종소리,LAW,still_05,그친,join_03,매듭,LAW,STILL|JOIN,STILL|JOIN,이어붙이면 더 굳는다.,그친 매듭,HARDENED,0,
366,forge__join_03__tool_01,join_03|tool_01,join_03,자란 매듭,tool_01,도가니,CATALYST,tool_01,달궈진,join_03,매듭,RESULT_CLASS,CATALYZED_JOIN,,,달궈진 매듭,CATALYZED_JOIN,0,
367,forge__join_03__tool_02,join_03|tool_02,join_03,자란 매듭,tool_02,집게,CATALYST,tool_02,집어올린,join_03,매듭,RESULT_CLASS,CATALYZED_JOIN,,,집어올린 매듭,CATALYZED_JOIN,0,
368,forge__join_03__tool_03,join_03|tool_03,join_03,자란 매듭,tool_03,체,CATALYST,tool_03,걸러진,join_03,매듭,RESULT_CLASS,CATALYZED_JOIN,,,걸러진 매듭,CATALYZED_JOIN,0,
369,forge__join_03__tool_04,join_03|tool_04,join_03,자란 매듭,tool_04,등불,CATALYST,tool_04,밝혀진,join_03,매듭,RESULT_CLASS,CATALYZED_JOIN,,,밝혀진 매듭,CATALYZED_JOIN,0,
370,forge__join_03__tool_05,join_03|tool_05,join_03,자란 매듭,tool_05,계측기,CATALYST,tool_05,재어진,join_03,매듭,RESULT_CLASS,CATALYZED_JOIN,,,재어진 매듭,CATALYZED_JOIN,0,
371,forge__join_03__tool_06,join_03|tool_06,join_03,자란 매듭,tool_06,풀무,CATALYST,tool_06,불어넣은,join_03,매듭,RESULT_CLASS,CATALYZED_JOIN,,,불어넣은 매듭,CATALYZED_JOIN,0,
372,forge__join_03__tool_07,join_03|tool_07,join_03,자란 매듭,tool_07,저울,CATALYST,tool_07,달아본,join_03,매듭,RESULT_CLASS,CATALYZED_JOIN,,,달아본 매듭,CATALYZED_JOIN,0,
373,forge__join_03__tool_08,join_03|tool_08,join_03,자란 매듭,tool_08,표본 상자,CATALYST,tool_08,갈무리한,join_03,매듭,RESULT_CLASS,CATALYZED_JOIN,,,갈무리한 매듭,CATALYZED_JOIN,0,
374,forge__join_03__tool_09,join_03|tool_09,join_03,자란 매듭,tool_09,갱도 지도,CATALYST,tool_09,그려진,join_03,매듭,RESULT_CLASS,CATALYZED_JOIN,,,그려진 매듭,CATALYZED_JOIN,0,
375,forge__join_03__tool_10,join_03|tool_10,join_03,자란 매듭,tool_10,손수레,CATALYST,tool_10,실려온,join_03,매듭,RESULT_CLASS,CATALYZED_JOIN,,,실려온 매듭,CATALYZED_JOIN,0,
376,forge__join_03__wash_01,join_03|wash_01,join_03,자란 매듭,wash_01,맑은 눈물,LAW,wash_01,맑은,join_03,매듭,LAW,WASH|JOIN,WASH|JOIN,이어붙이면 더 맑아진다.,맑은 매듭,CLARIFIED,0,
377,forge__join_03__wash_02,join_03|wash_02,join_03,자란 매듭,wash_02,닳은 돌,LAW,wash_02,닳은,join_03,매듭,LAW,WASH|JOIN,WASH|JOIN,이어붙이면 더 맑아진다.,닳은 매듭,CLARIFIED,0,
378,forge__join_03__wash_03,join_03|wash_03,join_03,자란 매듭,wash_03,빈 껍질,LAW,wash_03,빈,join_03,매듭,LAW,WASH|JOIN,WASH|JOIN,이어붙이면 더 맑아진다.,빈 매듭,CLARIFIED,0,
379,forge__join_03__wash_04,join_03|wash_04,join_03,자란 매듭,wash_04,지워진 자국,LAW,wash_04,지워진,join_03,매듭,LAW,WASH|JOIN,WASH|JOIN,이어붙이면 더 맑아진다.,지워진 매듭,CLARIFIED,0,
380,forge__join_03__wash_05,join_03|wash_05,join_03,자란 매듭,wash_05,가라앉은 앙금,LAW,wash_05,가라앉은,join_03,매듭,LAW,WASH|JOIN,WASH|JOIN,이어붙이면 더 맑아진다.,가라앉은 매듭,CLARIFIED,0,
381,forge__join_04__join_05,join_04|join_05,join_04,이어진 그림자,join_05,겹친 소리,LAW,join_04,이어진,join_05,소리,LAW,JOIN|JOIN,JOIN|JOIN,결속이 겹치면 다음 빚기가 두 번 이어진다.,이어진 소리,KNOT,0,
382,forge__join_04__odd_01,join_04|odd_01,join_04,이어진 그림자,odd_01,걸어다니는 주전자,LAW,join_04,이어진,odd_01,주전자,LAW,JOIN|JOIN,JOIN|JOIN,결속이 겹치면 다음 빚기가 두 번 이어진다.,이어진 주전자,KNOT,0,
383,forge__join_04__odd_02,join_04|odd_02,join_04,이어진 그림자,odd_02,두 번 접힌 사다리,LAW,odd_02,두 번 접힌,join_04,그림자,LAW,STILL|JOIN,STILL|JOIN,이어붙이면 더 굳는다.,두 번 접힌 그림자,HARDENED,0,
384,forge__join_04__odd_03,join_04|odd_03,join_04,이어진 그림자,odd_03,스스로 켜지는 초,LAW,odd_03,스스로 켜지는,join_04,그림자,LAW,BURN|JOIN,BURN|JOIN,이어붙이면 더 크게 탄다.,스스로 켜지는 그림자,KINDLED,0,
385,forge__join_04__odd_04,join_04|odd_04,join_04,이어진 그림자,odd_04,뒤집힌 장갑,LAW,odd_04,뒤집힌,join_04,그림자,LAW,WASH|JOIN,WASH|JOIN,이어붙이면 더 맑아진다.,뒤집힌 그림자,CLARIFIED,0,
386,forge__join_04__odd_05,join_04|odd_05,join_04,이어진 그림자,odd_05,노래하는 못,LAW,join_04,이어진,odd_05,못,LAW,JOIN|JOIN,JOIN|JOIN,결속이 겹치면 다음 빚기가 두 번 이어진다.,이어진 못,KNOT,0,
387,forge__join_04__odd_06,join_04|odd_06,join_04,이어진 그림자,odd_06,자기를 재는 자,LAW,odd_06,자기를 재는,join_04,그림자,LAW,ROT|JOIN,ROT|JOIN,이어붙이면 더 삭는다.,자기를 재는 그림자,FESTERED,0,
388,forge__join_04__ore_burn,join_04|ore_burn,join_04,이어진 그림자,ore_burn,타는 조각,LAW,ore_burn,타는,join_04,그림자,LAW,BURN|JOIN,BURN|JOIN,이어붙이면 더 크게 탄다.,타는 그림자,KINDLED,0,
389,forge__join_04__ore_join,join_04|ore_join,join_04,이어진 그림자,ore_join,엉긴 조각,LAW,join_04,이어진,ore_join,뭉치,LAW,JOIN|JOIN,JOIN|JOIN,결속이 겹치면 다음 빚기가 두 번 이어진다.,이어진 뭉치,KNOT,0,
390,forge__join_04__ore_rot,join_04|ore_rot,join_04,이어진 그림자,ore_rot,삭은 조각,LAW,ore_rot,삭은,join_04,그림자,LAW,ROT|JOIN,ROT|JOIN,이어붙이면 더 삭는다.,삭은 그림자,FESTERED,0,
391,forge__join_04__ore_scatter,join_04|ore_scatter,join_04,이어진 그림자,ore_scatter,흩어지는 조각,LAW,ore_scatter,흩어지는,join_04,그림자,LAW,SCATTER|JOIN,SCATTER|JOIN,이어붙이면 더 빨라진다.,흩어지는 그림자,QUICKENED,0,
392,forge__join_04__ore_still,join_04|ore_still,join_04,이어진 그림자,ore_still,굳은 조각,LAW,ore_still,굳은,join_04,그림자,LAW,STILL|JOIN,STILL|JOIN,이어붙이면 더 굳는다.,굳은 그림자,HARDENED,0,
393,forge__join_04__ore_wash,join_04|ore_wash,join_04,이어진 그림자,ore_wash,씻긴 조각,LAW,ore_wash,씻긴,join_04,그림자,LAW,WASH|JOIN,WASH|JOIN,이어붙이면 더 맑아진다.,씻긴 그림자,CLARIFIED,0,
394,forge__join_04__rot_01,join_04|rot_01,join_04,이어진 그림자,rot_01,딱지,LAW,rot_01,앉은,join_04,그림자,LAW,ROT|JOIN,ROT|JOIN,이어붙이면 더 삭는다.,앉은 그림자,FESTERED,0,
395,forge__join_04__rot_02,join_04|rot_02,join_04,이어진 그림자,rot_02,무른 뿌리,LAW,rot_02,무른,join_04,그림자,LAW,ROT|JOIN,ROT|JOIN,이어붙이면 더 삭는다.,무른 그림자,FESTERED,0,
396,forge__join_04__rot_03,join_04|rot_03,join_04,이어진 그림자,rot_03,곰팡이 꽃,LAW,rot_03,핀,join_04,그림자,LAW,ROT|JOIN,ROT|JOIN,이어붙이면 더 삭는다.,핀 그림자,FESTERED,0,
397,forge__join_04__rot_04,join_04|rot_04,join_04,이어진 그림자,rot_04,번지는 얼룩,LAW,rot_04,번지는,join_04,그림자,LAW,ROT|JOIN,ROT|JOIN,이어붙이면 더 삭는다.,번지는 그림자,FESTERED,0,
398,forge__join_04__rot_05,join_04|rot_05,join_04,이어진 그림자,rot_05,내려앉은 냄새,LAW,rot_05,내려앉은,join_04,그림자,LAW,ROT|JOIN,ROT|JOIN,이어붙이면 더 삭는다.,내려앉은 그림자,FESTERED,0,
399,forge__join_04__scat_01,join_04|scat_01,join_04,이어진 그림자,scat_01,가벼운 뼈,LAW,scat_01,가벼운,join_04,그림자,LAW,SCATTER|JOIN,SCATTER|JOIN,이어붙이면 더 빨라진다.,가벼운 그림자,QUICKENED,0,
400,forge__join_04__scat_02,join_04|scat_02,join_04,이어진 그림자,scat_02,흩날리는 씨,LAW,scat_02,흩날리는,join_04,그림자,LAW,SCATTER|JOIN,SCATTER|JOIN,이어붙이면 더 빨라진다.,흩날리는 그림자,QUICKENED,0,
401,forge__join_04__scat_03,join_04|scat_03,join_04,이어진 그림자,scat_03,벗겨진 껍데기,LAW,scat_03,벗겨진,join_04,그림자,LAW,SCATTER|JOIN,SCATTER|JOIN,이어붙이면 더 빨라진다.,벗겨진 그림자,QUICKENED,0,
402,forge__join_04__scat_04,join_04|scat_04,join_04,이어진 그림자,scat_04,뜬 먼지,LAW,scat_04,뜬,join_04,그림자,LAW,SCATTER|JOIN,SCATTER|JOIN,이어붙이면 더 빨라진다.,뜬 그림자,QUICKENED,0,
403,forge__join_04__scat_05,join_04|scat_05,join_04,이어진 그림자,scat_05,마른 바람,LAW,scat_05,마른,join_04,그림자,LAW,SCATTER|JOIN,SCATTER|JOIN,이어붙이면 더 빨라진다.,마른 그림자,QUICKENED,0,
404,forge__join_04__still_01,join_04|still_01,join_04,이어진 그림자,still_01,서리꽃,LAW,still_01,서리 낀,join_04,그림자,LAW,STILL|JOIN,STILL|JOIN,이어붙이면 더 굳는다.,서리 낀 그림자,HARDENED,0,
405,forge__join_04__still_02,join_04|still_02,join_04,이어진 그림자,still_02,멈춘 물방울,LAW,still_02,멈춘,join_04,그림자,LAW,STILL|JOIN,STILL|JOIN,이어붙이면 더 굳는다.,멈춘 그림자,HARDENED,0,
406,forge__join_04__still_03,join_04|still_03,join_04,이어진 그림자,still_03,잠긴 발자국,LAW,still_03,잠긴,join_04,그림자,LAW,STILL|JOIN,STILL|JOIN,이어붙이면 더 굳는다.,잠긴 그림자,HARDENED,0,
407,forge__join_04__still_04,join_04|still_04,join_04,이어진 그림자,still_04,굳은 숨,LAW,still_04,숨 멎은,join_04,그림자,LAW,STILL|JOIN,STILL|JOIN,이어붙이면 더 굳는다.,숨 멎은 그림자,HARDENED,0,
408,forge__join_04__still_05,join_04|still_05,join_04,이어진 그림자,still_05,그친 종소리,LAW,still_05,그친,join_04,그림자,LAW,STILL|JOIN,STILL|JOIN,이어붙이면 더 굳는다.,그친 그림자,HARDENED,0,
409,forge__join_04__tool_01,join_04|tool_01,join_04,이어진 그림자,tool_01,도가니,CATALYST,tool_01,달궈진,join_04,그림자,RESULT_CLASS,CATALYZED_JOIN,,,달궈진 그림자,CATALYZED_JOIN,0,
410,forge__join_04__tool_02,join_04|tool_02,join_04,이어진 그림자,tool_02,집게,CATALYST,tool_02,집어올린,join_04,그림자,RESULT_CLASS,CATALYZED_JOIN,,,집어올린 그림자,CATALYZED_JOIN,0,
411,forge__join_04__tool_03,join_04|tool_03,join_04,이어진 그림자,tool_03,체,CATALYST,tool_03,걸러진,join_04,그림자,RESULT_CLASS,CATALYZED_JOIN,,,걸러진 그림자,CATALYZED_JOIN,0,
412,forge__join_04__tool_04,join_04|tool_04,join_04,이어진 그림자,tool_04,등불,CATALYST,tool_04,밝혀진,join_04,그림자,RESULT_CLASS,CATALYZED_JOIN,,,밝혀진 그림자,CATALYZED_JOIN,0,
413,forge__join_04__tool_05,join_04|tool_05,join_04,이어진 그림자,tool_05,계측기,CATALYST,tool_05,재어진,join_04,그림자,RESULT_CLASS,CATALYZED_JOIN,,,재어진 그림자,CATALYZED_JOIN,0,
414,forge__join_04__tool_06,join_04|tool_06,join_04,이어진 그림자,tool_06,풀무,CATALYST,tool_06,불어넣은,join_04,그림자,RESULT_CLASS,CATALYZED_JOIN,,,불어넣은 그림자,CATALYZED_JOIN,0,
415,forge__join_04__tool_07,join_04|tool_07,join_04,이어진 그림자,tool_07,저울,CATALYST,tool_07,달아본,join_04,그림자,RESULT_CLASS,CATALYZED_JOIN,,,달아본 그림자,CATALYZED_JOIN,0,
416,forge__join_04__tool_08,join_04|tool_08,join_04,이어진 그림자,tool_08,표본 상자,CATALYST,tool_08,갈무리한,join_04,그림자,RESULT_CLASS,CATALYZED_JOIN,,,갈무리한 그림자,CATALYZED_JOIN,0,
417,forge__join_04__tool_09,join_04|tool_09,join_04,이어진 그림자,tool_09,갱도 지도,CATALYST,tool_09,그려진,join_04,그림자,RESULT_CLASS,CATALYZED_JOIN,,,그려진 그림자,CATALYZED_JOIN,0,
418,forge__join_04__tool_10,join_04|tool_10,join_04,이어진 그림자,tool_10,손수레,CATALYST,tool_10,실려온,join_04,그림자,RESULT_CLASS,CATALYZED_JOIN,,,실려온 그림자,CATALYZED_JOIN,0,
419,forge__join_04__wash_01,join_04|wash_01,join_04,이어진 그림자,wash_01,맑은 눈물,LAW,wash_01,맑은,join_04,그림자,LAW,WASH|JOIN,WASH|JOIN,이어붙이면 더 맑아진다.,맑은 그림자,CLARIFIED,0,
420,forge__join_04__wash_02,join_04|wash_02,join_04,이어진 그림자,wash_02,닳은 돌,LAW,wash_02,닳은,join_04,그림자,LAW,WASH|JOIN,WASH|JOIN,이어붙이면 더 맑아진다.,닳은 그림자,CLARIFIED,0,
421,forge__join_04__wash_03,join_04|wash_03,join_04,이어진 그림자,wash_03,빈 껍질,LAW,wash_03,빈,join_04,그림자,LAW,WASH|JOIN,WASH|JOIN,이어붙이면 더 맑아진다.,빈 그림자,CLARIFIED,0,
422,forge__join_04__wash_04,join_04|wash_04,join_04,이어진 그림자,wash_04,지워진 자국,LAW,wash_04,지워진,join_04,그림자,LAW,WASH|JOIN,WASH|JOIN,이어붙이면 더 맑아진다.,지워진 그림자,CLARIFIED,0,
423,forge__join_04__wash_05,join_04|wash_05,join_04,이어진 그림자,wash_05,가라앉은 앙금,LAW,wash_05,가라앉은,join_04,그림자,LAW,WASH|JOIN,WASH|JOIN,이어붙이면 더 맑아진다.,가라앉은 그림자,CLARIFIED,0,
424,forge__join_05__odd_01,join_05|odd_01,join_05,겹친 소리,odd_01,걸어다니는 주전자,LAW,join_05,겹친,odd_01,주전자,LAW,JOIN|JOIN,JOIN|JOIN,결속이 겹치면 다음 빚기가 두 번 이어진다.,겹친 주전자,KNOT,0,
425,forge__join_05__odd_02,join_05|odd_02,join_05,겹친 소리,odd_02,두 번 접힌 사다리,LAW,odd_02,두 번 접힌,join_05,소리,LAW,STILL|JOIN,STILL|JOIN,이어붙이면 더 굳는다.,두 번 접힌 소리,HARDENED,0,
426,forge__join_05__odd_03,join_05|odd_03,join_05,겹친 소리,odd_03,스스로 켜지는 초,LAW,odd_03,스스로 켜지는,join_05,소리,LAW,BURN|JOIN,BURN|JOIN,이어붙이면 더 크게 탄다.,스스로 켜지는 소리,KINDLED,0,
427,forge__join_05__odd_04,join_05|odd_04,join_05,겹친 소리,odd_04,뒤집힌 장갑,LAW,odd_04,뒤집힌,join_05,소리,LAW,WASH|JOIN,WASH|JOIN,이어붙이면 더 맑아진다.,뒤집힌 소리,CLARIFIED,0,
428,forge__join_05__odd_05,join_05|odd_05,join_05,겹친 소리,odd_05,노래하는 못,LAW,join_05,겹친,odd_05,못,LAW,JOIN|JOIN,JOIN|JOIN,결속이 겹치면 다음 빚기가 두 번 이어진다.,겹친 못,KNOT,0,
429,forge__join_05__odd_06,join_05|odd_06,join_05,겹친 소리,odd_06,자기를 재는 자,LAW,odd_06,자기를 재는,join_05,소리,LAW,ROT|JOIN,ROT|JOIN,이어붙이면 더 삭는다.,자기를 재는 소리,FESTERED,0,
430,forge__join_05__ore_burn,join_05|ore_burn,join_05,겹친 소리,ore_burn,타는 조각,LAW,ore_burn,타는,join_05,소리,LAW,BURN|JOIN,BURN|JOIN,이어붙이면 더 크게 탄다.,타는 소리,KINDLED,0,
431,forge__join_05__ore_join,join_05|ore_join,join_05,겹친 소리,ore_join,엉긴 조각,LAW,join_05,겹친,ore_join,뭉치,LAW,JOIN|JOIN,JOIN|JOIN,결속이 겹치면 다음 빚기가 두 번 이어진다.,겹친 뭉치,KNOT,0,
432,forge__join_05__ore_rot,join_05|ore_rot,join_05,겹친 소리,ore_rot,삭은 조각,LAW,ore_rot,삭은,join_05,소리,LAW,ROT|JOIN,ROT|JOIN,이어붙이면 더 삭는다.,삭은 소리,FESTERED,0,
433,forge__join_05__ore_scatter,join_05|ore_scatter,join_05,겹친 소리,ore_scatter,흩어지는 조각,LAW,ore_scatter,흩어지는,join_05,소리,LAW,SCATTER|JOIN,SCATTER|JOIN,이어붙이면 더 빨라진다.,흩어지는 소리,QUICKENED,0,
434,forge__join_05__ore_still,join_05|ore_still,join_05,겹친 소리,ore_still,굳은 조각,LAW,ore_still,굳은,join_05,소리,LAW,STILL|JOIN,STILL|JOIN,이어붙이면 더 굳는다.,굳은 소리,HARDENED,0,
435,forge__join_05__ore_wash,join_05|ore_wash,join_05,겹친 소리,ore_wash,씻긴 조각,LAW,ore_wash,씻긴,join_05,소리,LAW,WASH|JOIN,WASH|JOIN,이어붙이면 더 맑아진다.,씻긴 소리,CLARIFIED,0,
436,forge__join_05__rot_01,join_05|rot_01,join_05,겹친 소리,rot_01,딱지,LAW,rot_01,앉은,join_05,소리,LAW,ROT|JOIN,ROT|JOIN,이어붙이면 더 삭는다.,앉은 소리,FESTERED,0,
437,forge__join_05__rot_02,join_05|rot_02,join_05,겹친 소리,rot_02,무른 뿌리,LAW,rot_02,무른,join_05,소리,LAW,ROT|JOIN,ROT|JOIN,이어붙이면 더 삭는다.,무른 소리,FESTERED,0,
438,forge__join_05__rot_03,join_05|rot_03,join_05,겹친 소리,rot_03,곰팡이 꽃,LAW,rot_03,핀,join_05,소리,LAW,ROT|JOIN,ROT|JOIN,이어붙이면 더 삭는다.,핀 소리,FESTERED,0,
439,forge__join_05__rot_04,join_05|rot_04,join_05,겹친 소리,rot_04,번지는 얼룩,LAW,rot_04,번지는,join_05,소리,LAW,ROT|JOIN,ROT|JOIN,이어붙이면 더 삭는다.,번지는 소리,FESTERED,0,
440,forge__join_05__rot_05,join_05|rot_05,join_05,겹친 소리,rot_05,내려앉은 냄새,LAW,rot_05,내려앉은,join_05,소리,LAW,ROT|JOIN,ROT|JOIN,이어붙이면 더 삭는다.,내려앉은 소리,FESTERED,0,
441,forge__join_05__scat_01,join_05|scat_01,join_05,겹친 소리,scat_01,가벼운 뼈,LAW,scat_01,가벼운,join_05,소리,LAW,SCATTER|JOIN,SCATTER|JOIN,이어붙이면 더 빨라진다.,가벼운 소리,QUICKENED,0,
442,forge__join_05__scat_02,join_05|scat_02,join_05,겹친 소리,scat_02,흩날리는 씨,LAW,scat_02,흩날리는,join_05,소리,LAW,SCATTER|JOIN,SCATTER|JOIN,이어붙이면 더 빨라진다.,흩날리는 소리,QUICKENED,0,
443,forge__join_05__scat_03,join_05|scat_03,join_05,겹친 소리,scat_03,벗겨진 껍데기,LAW,scat_03,벗겨진,join_05,소리,LAW,SCATTER|JOIN,SCATTER|JOIN,이어붙이면 더 빨라진다.,벗겨진 소리,QUICKENED,0,
444,forge__join_05__scat_04,join_05|scat_04,join_05,겹친 소리,scat_04,뜬 먼지,LAW,scat_04,뜬,join_05,소리,LAW,SCATTER|JOIN,SCATTER|JOIN,이어붙이면 더 빨라진다.,뜬 소리,QUICKENED,0,
445,forge__join_05__scat_05,join_05|scat_05,join_05,겹친 소리,scat_05,마른 바람,LAW,scat_05,마른,join_05,소리,LAW,SCATTER|JOIN,SCATTER|JOIN,이어붙이면 더 빨라진다.,마른 소리,QUICKENED,0,
446,forge__join_05__still_01,join_05|still_01,join_05,겹친 소리,still_01,서리꽃,LAW,still_01,서리 낀,join_05,소리,LAW,STILL|JOIN,STILL|JOIN,이어붙이면 더 굳는다.,서리 낀 소리,HARDENED,0,
447,forge__join_05__still_02,join_05|still_02,join_05,겹친 소리,still_02,멈춘 물방울,LAW,still_02,멈춘,join_05,소리,LAW,STILL|JOIN,STILL|JOIN,이어붙이면 더 굳는다.,멈춘 소리,HARDENED,0,
448,forge__join_05__still_03,join_05|still_03,join_05,겹친 소리,still_03,잠긴 발자국,LAW,still_03,잠긴,join_05,소리,LAW,STILL|JOIN,STILL|JOIN,이어붙이면 더 굳는다.,잠긴 소리,HARDENED,0,
449,forge__join_05__still_04,join_05|still_04,join_05,겹친 소리,still_04,굳은 숨,LAW,still_04,숨 멎은,join_05,소리,LAW,STILL|JOIN,STILL|JOIN,이어붙이면 더 굳는다.,숨 멎은 소리,HARDENED,0,
450,forge__join_05__still_05,join_05|still_05,join_05,겹친 소리,still_05,그친 종소리,LAW,still_05,그친,join_05,소리,LAW,STILL|JOIN,STILL|JOIN,이어붙이면 더 굳는다.,그친 소리,HARDENED,0,
451,forge__join_05__tool_01,join_05|tool_01,join_05,겹친 소리,tool_01,도가니,CATALYST,tool_01,달궈진,join_05,소리,RESULT_CLASS,CATALYZED_JOIN,,,달궈진 소리,CATALYZED_JOIN,0,
452,forge__join_05__tool_02,join_05|tool_02,join_05,겹친 소리,tool_02,집게,CATALYST,tool_02,집어올린,join_05,소리,RESULT_CLASS,CATALYZED_JOIN,,,집어올린 소리,CATALYZED_JOIN,0,
453,forge__join_05__tool_03,join_05|tool_03,join_05,겹친 소리,tool_03,체,CATALYST,tool_03,걸러진,join_05,소리,RESULT_CLASS,CATALYZED_JOIN,,,걸러진 소리,CATALYZED_JOIN,0,
454,forge__join_05__tool_04,join_05|tool_04,join_05,겹친 소리,tool_04,등불,CATALYST,tool_04,밝혀진,join_05,소리,RESULT_CLASS,CATALYZED_JOIN,,,밝혀진 소리,CATALYZED_JOIN,0,
455,forge__join_05__tool_05,join_05|tool_05,join_05,겹친 소리,tool_05,계측기,CATALYST,tool_05,재어진,join_05,소리,RESULT_CLASS,CATALYZED_JOIN,,,재어진 소리,CATALYZED_JOIN,0,
456,forge__join_05__tool_06,join_05|tool_06,join_05,겹친 소리,tool_06,풀무,CATALYST,tool_06,불어넣은,join_05,소리,RESULT_CLASS,CATALYZED_JOIN,,,불어넣은 소리,CATALYZED_JOIN,0,
457,forge__join_05__tool_07,join_05|tool_07,join_05,겹친 소리,tool_07,저울,CATALYST,tool_07,달아본,join_05,소리,RESULT_CLASS,CATALYZED_JOIN,,,달아본 소리,CATALYZED_JOIN,0,
458,forge__join_05__tool_08,join_05|tool_08,join_05,겹친 소리,tool_08,표본 상자,CATALYST,tool_08,갈무리한,join_05,소리,RESULT_CLASS,CATALYZED_JOIN,,,갈무리한 소리,CATALYZED_JOIN,0,
459,forge__join_05__tool_09,join_05|tool_09,join_05,겹친 소리,tool_09,갱도 지도,CATALYST,tool_09,그려진,join_05,소리,RESULT_CLASS,CATALYZED_JOIN,,,그려진 소리,CATALYZED_JOIN,0,
460,forge__join_05__tool_10,join_05|tool_10,join_05,겹친 소리,tool_10,손수레,CATALYST,tool_10,실려온,join_05,소리,RESULT_CLASS,CATALYZED_JOIN,,,실려온 소리,CATALYZED_JOIN,0,
461,forge__join_05__wash_01,join_05|wash_01,join_05,겹친 소리,wash_01,맑은 눈물,LAW,wash_01,맑은,join_05,소리,LAW,WASH|JOIN,WASH|JOIN,이어붙이면 더 맑아진다.,맑은 소리,CLARIFIED,0,
462,forge__join_05__wash_02,join_05|wash_02,join_05,겹친 소리,wash_02,닳은 돌,LAW,wash_02,닳은,join_05,소리,LAW,WASH|JOIN,WASH|JOIN,이어붙이면 더 맑아진다.,닳은 소리,CLARIFIED,0,
463,forge__join_05__wash_03,join_05|wash_03,join_05,겹친 소리,wash_03,빈 껍질,LAW,wash_03,빈,join_05,소리,LAW,WASH|JOIN,WASH|JOIN,이어붙이면 더 맑아진다.,빈 소리,CLARIFIED,0,
464,forge__join_05__wash_04,join_05|wash_04,join_05,겹친 소리,wash_04,지워진 자국,LAW,wash_04,지워진,join_05,소리,LAW,WASH|JOIN,WASH|JOIN,이어붙이면 더 맑아진다.,지워진 소리,CLARIFIED,0,
465,forge__join_05__wash_05,join_05|wash_05,join_05,겹친 소리,wash_05,가라앉은 앙금,LAW,wash_05,가라앉은,join_05,소리,LAW,WASH|JOIN,WASH|JOIN,이어붙이면 더 맑아진다.,가라앉은 소리,CLARIFIED,0,
466,forge__odd_01__odd_02,odd_01|odd_02,odd_01,걸어다니는 주전자,odd_02,두 번 접힌 사다리,LAW,odd_02,두 번 접힌,odd_01,주전자,LAW,STILL|JOIN,STILL|JOIN,이어붙이면 더 굳는다.,두 번 접힌 주전자,HARDENED,0,
467,forge__odd_01__odd_03,odd_01|odd_03,odd_01,걸어다니는 주전자,odd_03,스스로 켜지는 초,LAW,odd_03,스스로 켜지는,odd_01,주전자,LAW,BURN|JOIN,BURN|JOIN,이어붙이면 더 크게 탄다.,스스로 켜지는 주전자,KINDLED,0,
468,forge__odd_01__odd_04,odd_01|odd_04,odd_01,걸어다니는 주전자,odd_04,뒤집힌 장갑,LAW,odd_04,뒤집힌,odd_01,주전자,LAW,WASH|JOIN,WASH|JOIN,이어붙이면 더 맑아진다.,뒤집힌 주전자,CLARIFIED,0,
469,forge__odd_01__odd_05,odd_01|odd_05,odd_01,걸어다니는 주전자,odd_05,노래하는 못,LAW,odd_01,걸어다니는,odd_05,못,LAW,JOIN|JOIN,JOIN|JOIN,결속이 겹치면 다음 빚기가 두 번 이어진다.,걸어다니는 못,KNOT,0,
470,forge__odd_01__odd_06,odd_01|odd_06,odd_01,걸어다니는 주전자,odd_06,자기를 재는 자,LAW,odd_06,자기를 재는,odd_01,주전자,LAW,ROT|JOIN,ROT|JOIN,이어붙이면 더 삭는다.,자기를 재는 주전자,FESTERED,0,
471,forge__odd_01__ore_burn,odd_01|ore_burn,odd_01,걸어다니는 주전자,ore_burn,타는 조각,LAW,ore_burn,타는,odd_01,주전자,LAW,BURN|JOIN,BURN|JOIN,이어붙이면 더 크게 탄다.,타는 주전자,KINDLED,0,
472,forge__odd_01__ore_join,odd_01|ore_join,odd_01,걸어다니는 주전자,ore_join,엉긴 조각,LAW,odd_01,걸어다니는,ore_join,뭉치,LAW,JOIN|JOIN,JOIN|JOIN,결속이 겹치면 다음 빚기가 두 번 이어진다.,걸어다니는 뭉치,KNOT,0,
473,forge__odd_01__ore_rot,odd_01|ore_rot,odd_01,걸어다니는 주전자,ore_rot,삭은 조각,LAW,ore_rot,삭은,odd_01,주전자,LAW,ROT|JOIN,ROT|JOIN,이어붙이면 더 삭는다.,삭은 주전자,FESTERED,0,
474,forge__odd_01__ore_scatter,odd_01|ore_scatter,odd_01,걸어다니는 주전자,ore_scatter,흩어지는 조각,LAW,ore_scatter,흩어지는,odd_01,주전자,LAW,SCATTER|JOIN,SCATTER|JOIN,이어붙이면 더 빨라진다.,흩어지는 주전자,QUICKENED,0,
475,forge__odd_01__ore_still,odd_01|ore_still,odd_01,걸어다니는 주전자,ore_still,굳은 조각,LAW,ore_still,굳은,odd_01,주전자,LAW,STILL|JOIN,STILL|JOIN,이어붙이면 더 굳는다.,굳은 주전자,HARDENED,0,
476,forge__odd_01__ore_wash,odd_01|ore_wash,odd_01,걸어다니는 주전자,ore_wash,씻긴 조각,LAW,ore_wash,씻긴,odd_01,주전자,LAW,WASH|JOIN,WASH|JOIN,이어붙이면 더 맑아진다.,씻긴 주전자,CLARIFIED,0,
477,forge__odd_01__rot_01,odd_01|rot_01,odd_01,걸어다니는 주전자,rot_01,딱지,LAW,rot_01,앉은,odd_01,주전자,LAW,ROT|JOIN,ROT|JOIN,이어붙이면 더 삭는다.,앉은 주전자,FESTERED,0,
478,forge__odd_01__rot_02,odd_01|rot_02,odd_01,걸어다니는 주전자,rot_02,무른 뿌리,LAW,rot_02,무른,odd_01,주전자,LAW,ROT|JOIN,ROT|JOIN,이어붙이면 더 삭는다.,무른 주전자,FESTERED,0,
479,forge__odd_01__rot_03,odd_01|rot_03,odd_01,걸어다니는 주전자,rot_03,곰팡이 꽃,LAW,rot_03,핀,odd_01,주전자,LAW,ROT|JOIN,ROT|JOIN,이어붙이면 더 삭는다.,핀 주전자,FESTERED,0,
480,forge__odd_01__rot_04,odd_01|rot_04,odd_01,걸어다니는 주전자,rot_04,번지는 얼룩,LAW,rot_04,번지는,odd_01,주전자,LAW,ROT|JOIN,ROT|JOIN,이어붙이면 더 삭는다.,번지는 주전자,FESTERED,0,
481,forge__odd_01__rot_05,odd_01|rot_05,odd_01,걸어다니는 주전자,rot_05,내려앉은 냄새,LAW,rot_05,내려앉은,odd_01,주전자,LAW,ROT|JOIN,ROT|JOIN,이어붙이면 더 삭는다.,내려앉은 주전자,FESTERED,0,
482,forge__odd_01__scat_01,odd_01|scat_01,odd_01,걸어다니는 주전자,scat_01,가벼운 뼈,LAW,scat_01,가벼운,odd_01,주전자,LAW,SCATTER|JOIN,SCATTER|JOIN,이어붙이면 더 빨라진다.,가벼운 주전자,QUICKENED,0,
483,forge__odd_01__scat_02,odd_01|scat_02,odd_01,걸어다니는 주전자,scat_02,흩날리는 씨,LAW,scat_02,흩날리는,odd_01,주전자,LAW,SCATTER|JOIN,SCATTER|JOIN,이어붙이면 더 빨라진다.,흩날리는 주전자,QUICKENED,0,
484,forge__odd_01__scat_03,odd_01|scat_03,odd_01,걸어다니는 주전자,scat_03,벗겨진 껍데기,LAW,scat_03,벗겨진,odd_01,주전자,LAW,SCATTER|JOIN,SCATTER|JOIN,이어붙이면 더 빨라진다.,벗겨진 주전자,QUICKENED,0,
485,forge__odd_01__scat_04,odd_01|scat_04,odd_01,걸어다니는 주전자,scat_04,뜬 먼지,LAW,scat_04,뜬,odd_01,주전자,LAW,SCATTER|JOIN,SCATTER|JOIN,이어붙이면 더 빨라진다.,뜬 주전자,QUICKENED,0,
486,forge__odd_01__scat_05,odd_01|scat_05,odd_01,걸어다니는 주전자,scat_05,마른 바람,LAW,scat_05,마른,odd_01,주전자,LAW,SCATTER|JOIN,SCATTER|JOIN,이어붙이면 더 빨라진다.,마른 주전자,QUICKENED,0,
487,forge__odd_01__still_01,odd_01|still_01,odd_01,걸어다니는 주전자,still_01,서리꽃,LAW,still_01,서리 낀,odd_01,주전자,LAW,STILL|JOIN,STILL|JOIN,이어붙이면 더 굳는다.,서리 낀 주전자,HARDENED,0,
488,forge__odd_01__still_02,odd_01|still_02,odd_01,걸어다니는 주전자,still_02,멈춘 물방울,LAW,still_02,멈춘,odd_01,주전자,LAW,STILL|JOIN,STILL|JOIN,이어붙이면 더 굳는다.,멈춘 주전자,HARDENED,0,
489,forge__odd_01__still_03,odd_01|still_03,odd_01,걸어다니는 주전자,still_03,잠긴 발자국,LAW,still_03,잠긴,odd_01,주전자,LAW,STILL|JOIN,STILL|JOIN,이어붙이면 더 굳는다.,잠긴 주전자,HARDENED,0,
490,forge__odd_01__still_04,odd_01|still_04,odd_01,걸어다니는 주전자,still_04,굳은 숨,LAW,still_04,숨 멎은,odd_01,주전자,LAW,STILL|JOIN,STILL|JOIN,이어붙이면 더 굳는다.,숨 멎은 주전자,HARDENED,0,
491,forge__odd_01__still_05,odd_01|still_05,odd_01,걸어다니는 주전자,still_05,그친 종소리,LAW,still_05,그친,odd_01,주전자,LAW,STILL|JOIN,STILL|JOIN,이어붙이면 더 굳는다.,그친 주전자,HARDENED,0,
492,forge__odd_01__tool_01,odd_01|tool_01,odd_01,걸어다니는 주전자,tool_01,도가니,CATALYST,tool_01,달궈진,odd_01,주전자,RESULT_CLASS,CATALYZED_JOIN,,,달궈진 주전자,CATALYZED_JOIN,0,
493,forge__odd_01__tool_02,odd_01|tool_02,odd_01,걸어다니는 주전자,tool_02,집게,CATALYST,tool_02,집어올린,odd_01,주전자,RESULT_CLASS,CATALYZED_JOIN,,,집어올린 주전자,CATALYZED_JOIN,0,
494,forge__odd_01__tool_03,odd_01|tool_03,odd_01,걸어다니는 주전자,tool_03,체,CATALYST,tool_03,걸러진,odd_01,주전자,RESULT_CLASS,CATALYZED_JOIN,,,걸러진 주전자,CATALYZED_JOIN,0,
495,forge__odd_01__tool_04,odd_01|tool_04,odd_01,걸어다니는 주전자,tool_04,등불,CATALYST,tool_04,밝혀진,odd_01,주전자,RESULT_CLASS,CATALYZED_JOIN,,,밝혀진 주전자,CATALYZED_JOIN,0,
496,forge__odd_01__tool_05,odd_01|tool_05,odd_01,걸어다니는 주전자,tool_05,계측기,CATALYST,tool_05,재어진,odd_01,주전자,RESULT_CLASS,CATALYZED_JOIN,,,재어진 주전자,CATALYZED_JOIN,0,
497,forge__odd_01__tool_06,odd_01|tool_06,odd_01,걸어다니는 주전자,tool_06,풀무,CATALYST,tool_06,불어넣은,odd_01,주전자,RESULT_CLASS,CATALYZED_JOIN,,,불어넣은 주전자,CATALYZED_JOIN,0,
498,forge__odd_01__tool_07,odd_01|tool_07,odd_01,걸어다니는 주전자,tool_07,저울,CATALYST,tool_07,달아본,odd_01,주전자,RESULT_CLASS,CATALYZED_JOIN,,,달아본 주전자,CATALYZED_JOIN,0,
499,forge__odd_01__tool_08,odd_01|tool_08,odd_01,걸어다니는 주전자,tool_08,표본 상자,CATALYST,tool_08,갈무리한,odd_01,주전자,RESULT_CLASS,CATALYZED_JOIN,,,갈무리한 주전자,CATALYZED_JOIN,0,
500,forge__odd_01__tool_09,odd_01|tool_09,odd_01,걸어다니는 주전자,tool_09,갱도 지도,CATALYST,tool_09,그려진,odd_01,주전자,RESULT_CLASS,CATALYZED_JOIN,,,그려진 주전자,CATALYZED_JOIN,0,
501,forge__odd_01__tool_10,odd_01|tool_10,odd_01,걸어다니는 주전자,tool_10,손수레,CATALYST,tool_10,실려온,odd_01,주전자,RESULT_CLASS,CATALYZED_JOIN,,,실려온 주전자,CATALYZED_JOIN,0,
502,forge__odd_01__wash_01,odd_01|wash_01,odd_01,걸어다니는 주전자,wash_01,맑은 눈물,LAW,wash_01,맑은,odd_01,주전자,LAW,WASH|JOIN,WASH|JOIN,이어붙이면 더 맑아진다.,맑은 주전자,CLARIFIED,0,
503,forge__odd_01__wash_02,odd_01|wash_02,odd_01,걸어다니는 주전자,wash_02,닳은 돌,LAW,wash_02,닳은,odd_01,주전자,LAW,WASH|JOIN,WASH|JOIN,이어붙이면 더 맑아진다.,닳은 주전자,CLARIFIED,0,
504,forge__odd_01__wash_03,odd_01|wash_03,odd_01,걸어다니는 주전자,wash_03,빈 껍질,LAW,wash_03,빈,odd_01,주전자,LAW,WASH|JOIN,WASH|JOIN,이어붙이면 더 맑아진다.,빈 주전자,CLARIFIED,0,
505,forge__odd_01__wash_04,odd_01|wash_04,odd_01,걸어다니는 주전자,wash_04,지워진 자국,LAW,wash_04,지워진,odd_01,주전자,LAW,WASH|JOIN,WASH|JOIN,이어붙이면 더 맑아진다.,지워진 주전자,CLARIFIED,0,
506,forge__odd_01__wash_05,odd_01|wash_05,odd_01,걸어다니는 주전자,wash_05,가라앉은 앙금,LAW,wash_05,가라앉은,odd_01,주전자,LAW,WASH|JOIN,WASH|JOIN,이어붙이면 더 맑아진다.,가라앉은 주전자,CLARIFIED,0,
507,forge__odd_02__odd_03,odd_02|odd_03,odd_02,두 번 접힌 사다리,odd_03,스스로 켜지는 초,LAW,odd_02,두 번 접힌,odd_03,초,LAW,STILL|BURN,STILL|BURN,터지려는 것을 붙잡으면 눌린다.,두 번 접힌 초,PRESSED_FIRE,0,
508,forge__odd_02__odd_04,odd_02|odd_04,odd_02,두 번 접힌 사다리,odd_04,뒤집힌 장갑,LAW,odd_02,두 번 접힌,odd_04,장갑,LAW,STILL|WASH,STILL|WASH,걷어낸 것이 굳으면 결정이 된다.,두 번 접힌 장갑,CRYSTAL,0,
509,forge__odd_02__odd_05,odd_02|odd_05,odd_02,두 번 접힌 사다리,odd_05,노래하는 못,LAW,odd_02,두 번 접힌,odd_05,못,LAW,STILL|JOIN,STILL|JOIN,이어붙이면 더 굳는다.,두 번 접힌 못,HARDENED,0,
510,forge__odd_02__odd_06,odd_02|odd_06,odd_02,두 번 접힌 사다리,odd_06,자기를 재는 자,LAW,odd_02,두 번 접힌,odd_06,자,LAW,STILL|ROT,STILL|ROT,무너지는 것을 붙잡으면 굳어 남는다.,두 번 접힌 자,SCAB,0,
511,forge__odd_02__ore_burn,odd_02|ore_burn,odd_02,두 번 접힌 사다리,ore_burn,타는 조각,LAW,odd_02,두 번 접힌,ore_burn,불씨,LAW,STILL|BURN,STILL|BURN,터지려는 것을 붙잡으면 눌린다.,두 번 접힌 불씨,PRESSED_FIRE,0,
512,forge__odd_02__ore_join,odd_02|ore_join,odd_02,두 번 접힌 사다리,ore_join,엉긴 조각,LAW,odd_02,두 번 접힌,ore_join,뭉치,LAW,STILL|JOIN,STILL|JOIN,이어붙이면 더 굳는다.,두 번 접힌 뭉치,HARDENED,0,
513,forge__odd_02__ore_rot,odd_02|ore_rot,odd_02,두 번 접힌 사다리,ore_rot,삭은 조각,LAW,odd_02,두 번 접힌,ore_rot,부스러기,LAW,STILL|ROT,STILL|ROT,무너지는 것을 붙잡으면 굳어 남는다.,두 번 접힌 부스러기,SCAB,0,
514,forge__odd_02__ore_scatter,odd_02|ore_scatter,odd_02,두 번 접힌 사다리,ore_scatter,흩어지는 조각,LAW,odd_02,두 번 접힌,ore_scatter,티끌,LAW,STILL|SCATTER,STILL|SCATTER,달아나려는 것을 붙잡으면 가라앉는다.,두 번 접힌 티끌,SETTLING,0,
515,forge__odd_02__ore_still,odd_02|ore_still,odd_02,두 번 접힌 사다리,ore_still,굳은 조각,LAW,odd_02,두 번 접힌,ore_still,덩이,LAW,STILL|STILL,STILL|STILL,응결이 겹치면 완전히 멈춘다.,두 번 접힌 덩이,TOTAL_STOP,0,
516,forge__odd_02__ore_wash,odd_02|ore_wash,odd_02,두 번 접힌 사다리,ore_wash,씻긴 조각,LAW,odd_02,두 번 접힌,ore_wash,속살,LAW,STILL|WASH,STILL|WASH,걷어낸 것이 굳으면 결정이 된다.,두 번 접힌 속살,CRYSTAL,0,
517,forge__odd_02__rot_01,odd_02|rot_01,odd_02,두 번 접힌 사다리,rot_01,딱지,LAW,odd_02,두 번 접힌,rot_01,딱지,LAW,STILL|ROT,STILL|ROT,무너지는 것을 붙잡으면 굳어 남는다.,두 번 접힌 딱지,SCAB,0,
518,forge__odd_02__rot_02,odd_02|rot_02,odd_02,두 번 접힌 사다리,rot_02,무른 뿌리,LAW,odd_02,두 번 접힌,rot_02,뿌리,LAW,STILL|ROT,STILL|ROT,무너지는 것을 붙잡으면 굳어 남는다.,두 번 접힌 뿌리,SCAB,0,
519,forge__odd_02__rot_03,odd_02|rot_03,odd_02,두 번 접힌 사다리,rot_03,곰팡이 꽃,LAW,odd_02,두 번 접힌,rot_03,곰팡이,LAW,STILL|ROT,STILL|ROT,무너지는 것을 붙잡으면 굳어 남는다.,두 번 접힌 곰팡이,SCAB,0,
520,forge__odd_02__rot_04,odd_02|rot_04,odd_02,두 번 접힌 사다리,rot_04,번지는 얼룩,LAW,odd_02,두 번 접힌,rot_04,얼룩,LAW,STILL|ROT,STILL|ROT,무너지는 것을 붙잡으면 굳어 남는다.,두 번 접힌 얼룩,SCAB,0,
521,forge__odd_02__rot_05,odd_02|rot_05,odd_02,두 번 접힌 사다리,rot_05,내려앉은 냄새,LAW,odd_02,두 번 접힌,rot_05,냄새,LAW,STILL|ROT,STILL|ROT,무너지는 것을 붙잡으면 굳어 남는다.,두 번 접힌 냄새,SCAB,0,
522,forge__odd_02__scat_01,odd_02|scat_01,odd_02,두 번 접힌 사다리,scat_01,가벼운 뼈,LAW,odd_02,두 번 접힌,scat_01,뼈,LAW,STILL|SCATTER,STILL|SCATTER,달아나려는 것을 붙잡으면 가라앉는다.,두 번 접힌 뼈,SETTLING,0,
523,forge__odd_02__scat_02,odd_02|scat_02,odd_02,두 번 접힌 사다리,scat_02,흩날리는 씨,LAW,odd_02,두 번 접힌,scat_02,씨,LAW,STILL|SCATTER,STILL|SCATTER,달아나려는 것을 붙잡으면 가라앉는다.,두 번 접힌 씨,SETTLING,0,
524,forge__odd_02__scat_03,odd_02|scat_03,odd_02,두 번 접힌 사다리,scat_03,벗겨진 껍데기,LAW,odd_02,두 번 접힌,scat_03,껍데기,LAW,STILL|SCATTER,STILL|SCATTER,달아나려는 것을 붙잡으면 가라앉는다.,두 번 접힌 껍데기,SETTLING,0,
525,forge__odd_02__scat_04,odd_02|scat_04,odd_02,두 번 접힌 사다리,scat_04,뜬 먼지,LAW,odd_02,두 번 접힌,scat_04,먼지,LAW,STILL|SCATTER,STILL|SCATTER,달아나려는 것을 붙잡으면 가라앉는다.,두 번 접힌 먼지,SETTLING,0,
526,forge__odd_02__scat_05,odd_02|scat_05,odd_02,두 번 접힌 사다리,scat_05,마른 바람,LAW,odd_02,두 번 접힌,scat_05,바람,LAW,STILL|SCATTER,STILL|SCATTER,달아나려는 것을 붙잡으면 가라앉는다.,두 번 접힌 바람,SETTLING,0,
527,forge__odd_02__still_01,odd_02|still_01,odd_02,두 번 접힌 사다리,still_01,서리꽃,LAW,odd_02,두 번 접힌,still_01,서리꽃,LAW,STILL|STILL,STILL|STILL,응결이 겹치면 완전히 멈춘다.,두 번 접힌 서리꽃,TOTAL_STOP,0,
528,forge__odd_02__still_02,odd_02|still_02,odd_02,두 번 접힌 사다리,still_02,멈춘 물방울,LAW,odd_02,두 번 접힌,still_02,물방울,LAW,STILL|STILL,STILL|STILL,응결이 겹치면 완전히 멈춘다.,두 번 접힌 물방울,TOTAL_STOP,0,
529,forge__odd_02__still_03,odd_02|still_03,odd_02,두 번 접힌 사다리,still_03,잠긴 발자국,LAW,odd_02,두 번 접힌,still_03,발자국,LAW,STILL|STILL,STILL|STILL,응결이 겹치면 완전히 멈춘다.,두 번 접힌 발자국,TOTAL_STOP,0,
530,forge__odd_02__still_04,odd_02|still_04,odd_02,두 번 접힌 사다리,still_04,굳은 숨,LAW,odd_02,두 번 접힌,still_04,입김,LAW,STILL|STILL,STILL|STILL,응결이 겹치면 완전히 멈춘다.,두 번 접힌 입김,TOTAL_STOP,0,
531,forge__odd_02__still_05,odd_02|still_05,odd_02,두 번 접힌 사다리,still_05,그친 종소리,LAW,odd_02,두 번 접힌,still_05,종소리,LAW,STILL|STILL,STILL|STILL,응결이 겹치면 완전히 멈춘다.,두 번 접힌 종소리,TOTAL_STOP,0,
532,forge__odd_02__tool_01,odd_02|tool_01,odd_02,두 번 접힌 사다리,tool_01,도가니,CATALYST,tool_01,달궈진,odd_02,사다리,RESULT_CLASS,CATALYZED_STILL,,,달궈진 사다리,CATALYZED_STILL,0,
533,forge__odd_02__tool_02,odd_02|tool_02,odd_02,두 번 접힌 사다리,tool_02,집게,CATALYST,tool_02,집어올린,odd_02,사다리,RESULT_CLASS,CATALYZED_STILL,,,집어올린 사다리,CATALYZED_STILL,0,
534,forge__odd_02__tool_03,odd_02|tool_03,odd_02,두 번 접힌 사다리,tool_03,체,CATALYST,tool_03,걸러진,odd_02,사다리,RESULT_CLASS,CATALYZED_STILL,,,걸러진 사다리,CATALYZED_STILL,0,
535,forge__odd_02__tool_04,odd_02|tool_04,odd_02,두 번 접힌 사다리,tool_04,등불,CATALYST,tool_04,밝혀진,odd_02,사다리,RESULT_CLASS,CATALYZED_STILL,,,밝혀진 사다리,CATALYZED_STILL,0,
536,forge__odd_02__tool_05,odd_02|tool_05,odd_02,두 번 접힌 사다리,tool_05,계측기,CATALYST,tool_05,재어진,odd_02,사다리,RESULT_CLASS,CATALYZED_STILL,,,재어진 사다리,CATALYZED_STILL,0,
537,forge__odd_02__tool_06,odd_02|tool_06,odd_02,두 번 접힌 사다리,tool_06,풀무,CATALYST,tool_06,불어넣은,odd_02,사다리,RESULT_CLASS,CATALYZED_STILL,,,불어넣은 사다리,CATALYZED_STILL,0,
538,forge__odd_02__tool_07,odd_02|tool_07,odd_02,두 번 접힌 사다리,tool_07,저울,CATALYST,tool_07,달아본,odd_02,사다리,RESULT_CLASS,CATALYZED_STILL,,,달아본 사다리,CATALYZED_STILL,0,
539,forge__odd_02__tool_08,odd_02|tool_08,odd_02,두 번 접힌 사다리,tool_08,표본 상자,CATALYST,tool_08,갈무리한,odd_02,사다리,RESULT_CLASS,CATALYZED_STILL,,,갈무리한 사다리,CATALYZED_STILL,0,
540,forge__odd_02__tool_09,odd_02|tool_09,odd_02,두 번 접힌 사다리,tool_09,갱도 지도,CATALYST,tool_09,그려진,odd_02,사다리,RESULT_CLASS,CATALYZED_STILL,,,그려진 사다리,CATALYZED_STILL,0,
541,forge__odd_02__tool_10,odd_02|tool_10,odd_02,두 번 접힌 사다리,tool_10,손수레,CATALYST,tool_10,실려온,odd_02,사다리,RESULT_CLASS,CATALYZED_STILL,,,실려온 사다리,CATALYZED_STILL,0,
542,forge__odd_02__wash_01,odd_02|wash_01,odd_02,두 번 접힌 사다리,wash_01,맑은 눈물,LAW,odd_02,두 번 접힌,wash_01,눈물,LAW,STILL|WASH,STILL|WASH,걷어낸 것이 굳으면 결정이 된다.,두 번 접힌 눈물,CRYSTAL,0,
543,forge__odd_02__wash_02,odd_02|wash_02,odd_02,두 번 접힌 사다리,wash_02,닳은 돌,LAW,odd_02,두 번 접힌,wash_02,돌,LAW,STILL|WASH,STILL|WASH,걷어낸 것이 굳으면 결정이 된다.,두 번 접힌 돌,CRYSTAL,0,
544,forge__odd_02__wash_03,odd_02|wash_03,odd_02,두 번 접힌 사다리,wash_03,빈 껍질,LAW,odd_02,두 번 접힌,wash_03,껍질,LAW,STILL|WASH,STILL|WASH,걷어낸 것이 굳으면 결정이 된다.,두 번 접힌 껍질,CRYSTAL,0,
545,forge__odd_02__wash_04,odd_02|wash_04,odd_02,두 번 접힌 사다리,wash_04,지워진 자국,LAW,odd_02,두 번 접힌,wash_04,자국,LAW,STILL|WASH,STILL|WASH,걷어낸 것이 굳으면 결정이 된다.,두 번 접힌 자국,CRYSTAL,0,
546,forge__odd_02__wash_05,odd_02|wash_05,odd_02,두 번 접힌 사다리,wash_05,가라앉은 앙금,LAW,odd_02,두 번 접힌,wash_05,앙금,LAW,STILL|WASH,STILL|WASH,걷어낸 것이 굳으면 결정이 된다.,두 번 접힌 앙금,CRYSTAL,0,
547,forge__odd_03__odd_04,odd_03|odd_04,odd_03,스스로 켜지는 초,odd_04,뒤집힌 장갑,LAW,odd_03,스스로 켜지는,odd_04,장갑,LAW,BURN|WASH,BURN|WASH,불로 씻으면 태워서 없앤다.,스스로 켜지는 장갑,SEARING,0,
548,forge__odd_03__odd_05,odd_03|odd_05,odd_03,스스로 켜지는 초,odd_05,노래하는 못,LAW,odd_03,스스로 켜지는,odd_05,못,LAW,BURN|JOIN,BURN|JOIN,이어붙이면 더 크게 탄다.,스스로 켜지는 못,KINDLED,0,
549,forge__odd_03__odd_06,odd_03|odd_06,odd_03,스스로 켜지는 초,odd_06,자기를 재는 자,LAW,odd_03,스스로 켜지는,odd_06,자,LAW,BURN|ROT,BURN|ROT,무너지는 것을 태우면 재만 남는다.,스스로 켜지는 자,INCINERATION,0,
550,forge__odd_03__ore_burn,odd_03|ore_burn,odd_03,스스로 켜지는 초,ore_burn,타는 조각,LAW,odd_03,스스로 켜지는,ore_burn,불씨,LAW,BURN|BURN,BURN|BURN,점화가 겹치면 남김없이 탄다.,스스로 켜지는 불씨,BURNOUT,0,
551,forge__odd_03__ore_join,odd_03|ore_join,odd_03,스스로 켜지는 초,ore_join,엉긴 조각,LAW,odd_03,스스로 켜지는,ore_join,뭉치,LAW,BURN|JOIN,BURN|JOIN,이어붙이면 더 크게 탄다.,스스로 켜지는 뭉치,KINDLED,0,
552,forge__odd_03__ore_rot,odd_03|ore_rot,odd_03,스스로 켜지는 초,ore_rot,삭은 조각,LAW,odd_03,스스로 켜지는,ore_rot,부스러기,LAW,BURN|ROT,BURN|ROT,무너지는 것을 태우면 재만 남는다.,스스로 켜지는 부스러기,INCINERATION,0,
553,forge__odd_03__ore_scatter,odd_03|ore_scatter,odd_03,스스로 켜지는 초,ore_scatter,흩어지는 조각,LAW,odd_03,스스로 켜지는,ore_scatter,티끌,LAW,BURN|SCATTER,BURN|SCATTER,달아나는 것에 불이 붙으면 터진다.,스스로 켜지는 티끌,BLAST,0,
554,forge__odd_03__ore_still,odd_03|ore_still,odd_03,스스로 켜지는 초,ore_still,굳은 조각,LAW,ore_still,굳은,odd_03,초,LAW,STILL|BURN,STILL|BURN,터지려는 것을 붙잡으면 눌린다.,굳은 초,PRESSED_FIRE,0,
555,forge__odd_03__ore_wash,odd_03|ore_wash,odd_03,스스로 켜지는 초,ore_wash,씻긴 조각,LAW,odd_03,스스로 켜지는,ore_wash,속살,LAW,BURN|WASH,BURN|WASH,불로 씻으면 태워서 없앤다.,스스로 켜지는 속살,SEARING,0,
556,forge__odd_03__rot_01,odd_03|rot_01,odd_03,스스로 켜지는 초,rot_01,딱지,LAW,odd_03,스스로 켜지는,rot_01,딱지,LAW,BURN|ROT,BURN|ROT,무너지는 것을 태우면 재만 남는다.,스스로 켜지는 딱지,INCINERATION,0,
557,forge__odd_03__rot_02,odd_03|rot_02,odd_03,스스로 켜지는 초,rot_02,무른 뿌리,LAW,odd_03,스스로 켜지는,rot_02,뿌리,LAW,BURN|ROT,BURN|ROT,무너지는 것을 태우면 재만 남는다.,스스로 켜지는 뿌리,INCINERATION,0,
558,forge__odd_03__rot_03,odd_03|rot_03,odd_03,스스로 켜지는 초,rot_03,곰팡이 꽃,LAW,odd_03,스스로 켜지는,rot_03,곰팡이,LAW,BURN|ROT,BURN|ROT,무너지는 것을 태우면 재만 남는다.,스스로 켜지는 곰팡이,INCINERATION,0,
559,forge__odd_03__rot_04,odd_03|rot_04,odd_03,스스로 켜지는 초,rot_04,번지는 얼룩,LAW,odd_03,스스로 켜지는,rot_04,얼룩,LAW,BURN|ROT,BURN|ROT,무너지는 것을 태우면 재만 남는다.,스스로 켜지는 얼룩,INCINERATION,0,
560,forge__odd_03__rot_05,odd_03|rot_05,odd_03,스스로 켜지는 초,rot_05,내려앉은 냄새,LAW,odd_03,스스로 켜지는,rot_05,냄새,LAW,BURN|ROT,BURN|ROT,무너지는 것을 태우면 재만 남는다.,스스로 켜지는 냄새,INCINERATION,0,
561,forge__odd_03__scat_01,odd_03|scat_01,odd_03,스스로 켜지는 초,scat_01,가벼운 뼈,LAW,odd_03,스스로 켜지는,scat_01,뼈,LAW,BURN|SCATTER,BURN|SCATTER,달아나는 것에 불이 붙으면 터진다.,스스로 켜지는 뼈,BLAST,0,
562,forge__odd_03__scat_02,odd_03|scat_02,odd_03,스스로 켜지는 초,scat_02,흩날리는 씨,LAW,odd_03,스스로 켜지는,scat_02,씨,LAW,BURN|SCATTER,BURN|SCATTER,달아나는 것에 불이 붙으면 터진다.,스스로 켜지는 씨,BLAST,0,
563,forge__odd_03__scat_03,odd_03|scat_03,odd_03,스스로 켜지는 초,scat_03,벗겨진 껍데기,LAW,odd_03,스스로 켜지는,scat_03,껍데기,LAW,BURN|SCATTER,BURN|SCATTER,달아나는 것에 불이 붙으면 터진다.,스스로 켜지는 껍데기,BLAST,0,
564,forge__odd_03__scat_04,odd_03|scat_04,odd_03,스스로 켜지는 초,scat_04,뜬 먼지,LAW,odd_03,스스로 켜지는,scat_04,먼지,LAW,BURN|SCATTER,BURN|SCATTER,달아나는 것에 불이 붙으면 터진다.,스스로 켜지는 먼지,BLAST,0,
565,forge__odd_03__scat_05,odd_03|scat_05,odd_03,스스로 켜지는 초,scat_05,마른 바람,LAW,odd_03,스스로 켜지는,scat_05,바람,LAW,BURN|SCATTER,BURN|SCATTER,달아나는 것에 불이 붙으면 터진다.,스스로 켜지는 바람,BLAST,0,
566,forge__odd_03__still_01,odd_03|still_01,odd_03,스스로 켜지는 초,still_01,서리꽃,LAW,still_01,서리 낀,odd_03,초,LAW,STILL|BURN,STILL|BURN,터지려는 것을 붙잡으면 눌린다.,서리 낀 초,PRESSED_FIRE,0,
567,forge__odd_03__still_02,odd_03|still_02,odd_03,스스로 켜지는 초,still_02,멈춘 물방울,LAW,still_02,멈춘,odd_03,초,LAW,STILL|BURN,STILL|BURN,터지려는 것을 붙잡으면 눌린다.,멈춘 초,PRESSED_FIRE,0,
568,forge__odd_03__still_03,odd_03|still_03,odd_03,스스로 켜지는 초,still_03,잠긴 발자국,LAW,still_03,잠긴,odd_03,초,LAW,STILL|BURN,STILL|BURN,터지려는 것을 붙잡으면 눌린다.,잠긴 초,PRESSED_FIRE,0,
569,forge__odd_03__still_04,odd_03|still_04,odd_03,스스로 켜지는 초,still_04,굳은 숨,LAW,still_04,숨 멎은,odd_03,초,LAW,STILL|BURN,STILL|BURN,터지려는 것을 붙잡으면 눌린다.,숨 멎은 초,PRESSED_FIRE,0,
570,forge__odd_03__still_05,odd_03|still_05,odd_03,스스로 켜지는 초,still_05,그친 종소리,LAW,still_05,그친,odd_03,초,LAW,STILL|BURN,STILL|BURN,터지려는 것을 붙잡으면 눌린다.,그친 초,PRESSED_FIRE,0,
571,forge__odd_03__tool_01,odd_03|tool_01,odd_03,스스로 켜지는 초,tool_01,도가니,CATALYST,tool_01,달궈진,odd_03,초,RESULT_CLASS,CATALYZED_BURN,,,달궈진 초,CATALYZED_BURN,0,
572,forge__odd_03__tool_02,odd_03|tool_02,odd_03,스스로 켜지는 초,tool_02,집게,CATALYST,tool_02,집어올린,odd_03,초,RESULT_CLASS,CATALYZED_BURN,,,집어올린 초,CATALYZED_BURN,0,
573,forge__odd_03__tool_03,odd_03|tool_03,odd_03,스스로 켜지는 초,tool_03,체,CATALYST,tool_03,걸러진,odd_03,초,RESULT_CLASS,CATALYZED_BURN,,,걸러진 초,CATALYZED_BURN,0,
574,forge__odd_03__tool_04,odd_03|tool_04,odd_03,스스로 켜지는 초,tool_04,등불,CATALYST,tool_04,밝혀진,odd_03,초,RESULT_CLASS,CATALYZED_BURN,,,밝혀진 초,CATALYZED_BURN,0,
575,forge__odd_03__tool_05,odd_03|tool_05,odd_03,스스로 켜지는 초,tool_05,계측기,CATALYST,tool_05,재어진,odd_03,초,RESULT_CLASS,CATALYZED_BURN,,,재어진 초,CATALYZED_BURN,0,
576,forge__odd_03__tool_06,odd_03|tool_06,odd_03,스스로 켜지는 초,tool_06,풀무,CATALYST,tool_06,불어넣은,odd_03,초,RESULT_CLASS,CATALYZED_BURN,,,불어넣은 초,CATALYZED_BURN,0,
577,forge__odd_03__tool_07,odd_03|tool_07,odd_03,스스로 켜지는 초,tool_07,저울,CATALYST,tool_07,달아본,odd_03,초,RESULT_CLASS,CATALYZED_BURN,,,달아본 초,CATALYZED_BURN,0,
578,forge__odd_03__tool_08,odd_03|tool_08,odd_03,스스로 켜지는 초,tool_08,표본 상자,CATALYST,tool_08,갈무리한,odd_03,초,RESULT_CLASS,CATALYZED_BURN,,,갈무리한 초,CATALYZED_BURN,0,
579,forge__odd_03__tool_09,odd_03|tool_09,odd_03,스스로 켜지는 초,tool_09,갱도 지도,CATALYST,tool_09,그려진,odd_03,초,RESULT_CLASS,CATALYZED_BURN,,,그려진 초,CATALYZED_BURN,0,
580,forge__odd_03__tool_10,odd_03|tool_10,odd_03,스스로 켜지는 초,tool_10,손수레,CATALYST,tool_10,실려온,odd_03,초,RESULT_CLASS,CATALYZED_BURN,,,실려온 초,CATALYZED_BURN,0,
581,forge__odd_03__wash_01,odd_03|wash_01,odd_03,스스로 켜지는 초,wash_01,맑은 눈물,LAW,odd_03,스스로 켜지는,wash_01,눈물,LAW,BURN|WASH,BURN|WASH,불로 씻으면 태워서 없앤다.,스스로 켜지는 눈물,SEARING,0,
582,forge__odd_03__wash_02,odd_03|wash_02,odd_03,스스로 켜지는 초,wash_02,닳은 돌,LAW,odd_03,스스로 켜지는,wash_02,돌,LAW,BURN|WASH,BURN|WASH,불로 씻으면 태워서 없앤다.,스스로 켜지는 돌,SEARING,0,
583,forge__odd_03__wash_03,odd_03|wash_03,odd_03,스스로 켜지는 초,wash_03,빈 껍질,LAW,odd_03,스스로 켜지는,wash_03,껍질,LAW,BURN|WASH,BURN|WASH,불로 씻으면 태워서 없앤다.,스스로 켜지는 껍질,SEARING,0,
584,forge__odd_03__wash_04,odd_03|wash_04,odd_03,스스로 켜지는 초,wash_04,지워진 자국,LAW,odd_03,스스로 켜지는,wash_04,자국,LAW,BURN|WASH,BURN|WASH,불로 씻으면 태워서 없앤다.,스스로 켜지는 자국,SEARING,0,
585,forge__odd_03__wash_05,odd_03|wash_05,odd_03,스스로 켜지는 초,wash_05,가라앉은 앙금,LAW,odd_03,스스로 켜지는,wash_05,앙금,LAW,BURN|WASH,BURN|WASH,불로 씻으면 태워서 없앤다.,스스로 켜지는 앙금,SEARING,0,
586,forge__odd_04__odd_05,odd_04|odd_05,odd_04,뒤집힌 장갑,odd_05,노래하는 못,LAW,odd_04,뒤집힌,odd_05,못,LAW,WASH|JOIN,WASH|JOIN,이어붙이면 더 맑아진다.,뒤집힌 못,CLARIFIED,0,
587,forge__odd_04__odd_06,odd_04|odd_06,odd_04,뒤집힌 장갑,odd_06,자기를 재는 자,LAW,odd_06,자기를 재는,odd_04,장갑,LAW,ROT|WASH,ROT|WASH,무너뜨림과 걷어냄은 서로를 지운다.,자기를 재는 장갑,NEUTRALIZED,0,
588,forge__odd_04__ore_burn,odd_04|ore_burn,odd_04,뒤집힌 장갑,ore_burn,타는 조각,LAW,ore_burn,타는,odd_04,장갑,LAW,BURN|WASH,BURN|WASH,불로 씻으면 태워서 없앤다.,타는 장갑,SEARING,0,
589,forge__odd_04__ore_join,odd_04|ore_join,odd_04,뒤집힌 장갑,ore_join,엉긴 조각,LAW,odd_04,뒤집힌,ore_join,뭉치,LAW,WASH|JOIN,WASH|JOIN,이어붙이면 더 맑아진다.,뒤집힌 뭉치,CLARIFIED,0,
590,forge__odd_04__ore_rot,odd_04|ore_rot,odd_04,뒤집힌 장갑,ore_rot,삭은 조각,LAW,ore_rot,삭은,odd_04,장갑,LAW,ROT|WASH,ROT|WASH,무너뜨림과 걷어냄은 서로를 지운다.,삭은 장갑,NEUTRALIZED,0,
591,forge__odd_04__ore_scatter,odd_04|ore_scatter,odd_04,뒤집힌 장갑,ore_scatter,흩어지는 조각,LAW,ore_scatter,흩어지는,odd_04,장갑,LAW,SCATTER|WASH,SCATTER|WASH,씻겨 날아가면 흔적이 없다.,흩어지는 장갑,VANISHING,0,
592,forge__odd_04__ore_still,odd_04|ore_still,odd_04,뒤집힌 장갑,ore_still,굳은 조각,LAW,ore_still,굳은,odd_04,장갑,LAW,STILL|WASH,STILL|WASH,걷어낸 것이 굳으면 결정이 된다.,굳은 장갑,CRYSTAL,0,
593,forge__odd_04__ore_wash,odd_04|ore_wash,odd_04,뒤집힌 장갑,ore_wash,씻긴 조각,LAW,odd_04,뒤집힌,ore_wash,속살,LAW,WASH|WASH,WASH|WASH,정화가 겹치면 모든 상태가 비워진다.,뒤집힌 속살,EMPTIED,0,
594,forge__odd_04__rot_01,odd_04|rot_01,odd_04,뒤집힌 장갑,rot_01,딱지,LAW,rot_01,앉은,odd_04,장갑,LAW,ROT|WASH,ROT|WASH,무너뜨림과 걷어냄은 서로를 지운다.,앉은 장갑,NEUTRALIZED,0,
595,forge__odd_04__rot_02,odd_04|rot_02,odd_04,뒤집힌 장갑,rot_02,무른 뿌리,LAW,rot_02,무른,odd_04,장갑,LAW,ROT|WASH,ROT|WASH,무너뜨림과 걷어냄은 서로를 지운다.,무른 장갑,NEUTRALIZED,0,
596,forge__odd_04__rot_03,odd_04|rot_03,odd_04,뒤집힌 장갑,rot_03,곰팡이 꽃,LAW,rot_03,핀,odd_04,장갑,LAW,ROT|WASH,ROT|WASH,무너뜨림과 걷어냄은 서로를 지운다.,핀 장갑,NEUTRALIZED,0,
597,forge__odd_04__rot_04,odd_04|rot_04,odd_04,뒤집힌 장갑,rot_04,번지는 얼룩,LAW,rot_04,번지는,odd_04,장갑,LAW,ROT|WASH,ROT|WASH,무너뜨림과 걷어냄은 서로를 지운다.,번지는 장갑,NEUTRALIZED,0,
598,forge__odd_04__rot_05,odd_04|rot_05,odd_04,뒤집힌 장갑,rot_05,내려앉은 냄새,LAW,rot_05,내려앉은,odd_04,장갑,LAW,ROT|WASH,ROT|WASH,무너뜨림과 걷어냄은 서로를 지운다.,내려앉은 장갑,NEUTRALIZED,0,
599,forge__odd_04__scat_01,odd_04|scat_01,odd_04,뒤집힌 장갑,scat_01,가벼운 뼈,LAW,scat_01,가벼운,odd_04,장갑,LAW,SCATTER|WASH,SCATTER|WASH,씻겨 날아가면 흔적이 없다.,가벼운 장갑,VANISHING,0,
600,forge__odd_04__scat_02,odd_04|scat_02,odd_04,뒤집힌 장갑,scat_02,흩날리는 씨,LAW,scat_02,흩날리는,odd_04,장갑,LAW,SCATTER|WASH,SCATTER|WASH,씻겨 날아가면 흔적이 없다.,흩날리는 장갑,VANISHING,0,
601,forge__odd_04__scat_03,odd_04|scat_03,odd_04,뒤집힌 장갑,scat_03,벗겨진 껍데기,LAW,scat_03,벗겨진,odd_04,장갑,LAW,SCATTER|WASH,SCATTER|WASH,씻겨 날아가면 흔적이 없다.,벗겨진 장갑,VANISHING,0,
602,forge__odd_04__scat_04,odd_04|scat_04,odd_04,뒤집힌 장갑,scat_04,뜬 먼지,LAW,scat_04,뜬,odd_04,장갑,LAW,SCATTER|WASH,SCATTER|WASH,씻겨 날아가면 흔적이 없다.,뜬 장갑,VANISHING,0,
603,forge__odd_04__scat_05,odd_04|scat_05,odd_04,뒤집힌 장갑,scat_05,마른 바람,LAW,scat_05,마른,odd_04,장갑,LAW,SCATTER|WASH,SCATTER|WASH,씻겨 날아가면 흔적이 없다.,마른 장갑,VANISHING,0,
604,forge__odd_04__still_01,odd_04|still_01,odd_04,뒤집힌 장갑,still_01,서리꽃,LAW,still_01,서리 낀,odd_04,장갑,LAW,STILL|WASH,STILL|WASH,걷어낸 것이 굳으면 결정이 된다.,서리 낀 장갑,CRYSTAL,0,
605,forge__odd_04__still_02,odd_04|still_02,odd_04,뒤집힌 장갑,still_02,멈춘 물방울,LAW,still_02,멈춘,odd_04,장갑,LAW,STILL|WASH,STILL|WASH,걷어낸 것이 굳으면 결정이 된다.,멈춘 장갑,CRYSTAL,0,
606,forge__odd_04__still_03,odd_04|still_03,odd_04,뒤집힌 장갑,still_03,잠긴 발자국,LAW,still_03,잠긴,odd_04,장갑,LAW,STILL|WASH,STILL|WASH,걷어낸 것이 굳으면 결정이 된다.,잠긴 장갑,CRYSTAL,0,
607,forge__odd_04__still_04,odd_04|still_04,odd_04,뒤집힌 장갑,still_04,굳은 숨,LAW,still_04,숨 멎은,odd_04,장갑,LAW,STILL|WASH,STILL|WASH,걷어낸 것이 굳으면 결정이 된다.,숨 멎은 장갑,CRYSTAL,0,
608,forge__odd_04__still_05,odd_04|still_05,odd_04,뒤집힌 장갑,still_05,그친 종소리,LAW,still_05,그친,odd_04,장갑,LAW,STILL|WASH,STILL|WASH,걷어낸 것이 굳으면 결정이 된다.,그친 장갑,CRYSTAL,0,
609,forge__odd_04__tool_01,odd_04|tool_01,odd_04,뒤집힌 장갑,tool_01,도가니,CATALYST,tool_01,달궈진,odd_04,장갑,RESULT_CLASS,CATALYZED_WASH,,,달궈진 장갑,CATALYZED_WASH,0,
610,forge__odd_04__tool_02,odd_04|tool_02,odd_04,뒤집힌 장갑,tool_02,집게,CATALYST,tool_02,집어올린,odd_04,장갑,RESULT_CLASS,CATALYZED_WASH,,,집어올린 장갑,CATALYZED_WASH,0,
611,forge__odd_04__tool_03,odd_04|tool_03,odd_04,뒤집힌 장갑,tool_03,체,CATALYST,tool_03,걸러진,odd_04,장갑,RESULT_CLASS,CATALYZED_WASH,,,걸러진 장갑,CATALYZED_WASH,0,
612,forge__odd_04__tool_04,odd_04|tool_04,odd_04,뒤집힌 장갑,tool_04,등불,CATALYST,tool_04,밝혀진,odd_04,장갑,RESULT_CLASS,CATALYZED_WASH,,,밝혀진 장갑,CATALYZED_WASH,0,
613,forge__odd_04__tool_05,odd_04|tool_05,odd_04,뒤집힌 장갑,tool_05,계측기,CATALYST,tool_05,재어진,odd_04,장갑,RESULT_CLASS,CATALYZED_WASH,,,재어진 장갑,CATALYZED_WASH,0,
614,forge__odd_04__tool_06,odd_04|tool_06,odd_04,뒤집힌 장갑,tool_06,풀무,CATALYST,tool_06,불어넣은,odd_04,장갑,RESULT_CLASS,CATALYZED_WASH,,,불어넣은 장갑,CATALYZED_WASH,0,
615,forge__odd_04__tool_07,odd_04|tool_07,odd_04,뒤집힌 장갑,tool_07,저울,CATALYST,tool_07,달아본,odd_04,장갑,RESULT_CLASS,CATALYZED_WASH,,,달아본 장갑,CATALYZED_WASH,0,
616,forge__odd_04__tool_08,odd_04|tool_08,odd_04,뒤집힌 장갑,tool_08,표본 상자,CATALYST,tool_08,갈무리한,odd_04,장갑,RESULT_CLASS,CATALYZED_WASH,,,갈무리한 장갑,CATALYZED_WASH,0,
617,forge__odd_04__tool_09,odd_04|tool_09,odd_04,뒤집힌 장갑,tool_09,갱도 지도,CATALYST,tool_09,그려진,odd_04,장갑,RESULT_CLASS,CATALYZED_WASH,,,그려진 장갑,CATALYZED_WASH,0,
618,forge__odd_04__tool_10,odd_04|tool_10,odd_04,뒤집힌 장갑,tool_10,손수레,CATALYST,tool_10,실려온,odd_04,장갑,RESULT_CLASS,CATALYZED_WASH,,,실려온 장갑,CATALYZED_WASH,0,
619,forge__odd_04__wash_01,odd_04|wash_01,odd_04,뒤집힌 장갑,wash_01,맑은 눈물,LAW,odd_04,뒤집힌,wash_01,눈물,LAW,WASH|WASH,WASH|WASH,정화가 겹치면 모든 상태가 비워진다.,뒤집힌 눈물,EMPTIED,0,
620,forge__odd_04__wash_02,odd_04|wash_02,odd_04,뒤집힌 장갑,wash_02,닳은 돌,LAW,odd_04,뒤집힌,wash_02,돌,LAW,WASH|WASH,WASH|WASH,정화가 겹치면 모든 상태가 비워진다.,뒤집힌 돌,EMPTIED,0,
621,forge__odd_04__wash_03,odd_04|wash_03,odd_04,뒤집힌 장갑,wash_03,빈 껍질,LAW,odd_04,뒤집힌,wash_03,껍질,LAW,WASH|WASH,WASH|WASH,정화가 겹치면 모든 상태가 비워진다.,뒤집힌 껍질,EMPTIED,0,
622,forge__odd_04__wash_04,odd_04|wash_04,odd_04,뒤집힌 장갑,wash_04,지워진 자국,LAW,odd_04,뒤집힌,wash_04,자국,LAW,WASH|WASH,WASH|WASH,정화가 겹치면 모든 상태가 비워진다.,뒤집힌 자국,EMPTIED,0,
623,forge__odd_04__wash_05,odd_04|wash_05,odd_04,뒤집힌 장갑,wash_05,가라앉은 앙금,LAW,odd_04,뒤집힌,wash_05,앙금,LAW,WASH|WASH,WASH|WASH,정화가 겹치면 모든 상태가 비워진다.,뒤집힌 앙금,EMPTIED,0,
624,forge__odd_05__odd_06,odd_05|odd_06,odd_05,노래하는 못,odd_06,자기를 재는 자,LAW,odd_06,자기를 재는,odd_05,못,LAW,ROT|JOIN,ROT|JOIN,이어붙이면 더 삭는다.,자기를 재는 못,FESTERED,0,
625,forge__odd_05__ore_burn,odd_05|ore_burn,odd_05,노래하는 못,ore_burn,타는 조각,LAW,ore_burn,타는,odd_05,못,LAW,BURN|JOIN,BURN|JOIN,이어붙이면 더 크게 탄다.,타는 못,KINDLED,0,
626,forge__odd_05__ore_join,odd_05|ore_join,odd_05,노래하는 못,ore_join,엉긴 조각,LAW,odd_05,노래하는,ore_join,뭉치,LAW,JOIN|JOIN,JOIN|JOIN,결속이 겹치면 다음 빚기가 두 번 이어진다.,노래하는 뭉치,KNOT,0,
627,forge__odd_05__ore_rot,odd_05|ore_rot,odd_05,노래하는 못,ore_rot,삭은 조각,LAW,ore_rot,삭은,odd_05,못,LAW,ROT|JOIN,ROT|JOIN,이어붙이면 더 삭는다.,삭은 못,FESTERED,0,
628,forge__odd_05__ore_scatter,odd_05|ore_scatter,odd_05,노래하는 못,ore_scatter,흩어지는 조각,LAW,ore_scatter,흩어지는,odd_05,못,LAW,SCATTER|JOIN,SCATTER|JOIN,이어붙이면 더 빨라진다.,흩어지는 못,QUICKENED,0,
629,forge__odd_05__ore_still,odd_05|ore_still,odd_05,노래하는 못,ore_still,굳은 조각,LAW,ore_still,굳은,odd_05,못,LAW,STILL|JOIN,STILL|JOIN,이어붙이면 더 굳는다.,굳은 못,HARDENED,0,
630,forge__odd_05__ore_wash,odd_05|ore_wash,odd_05,노래하는 못,ore_wash,씻긴 조각,LAW,ore_wash,씻긴,odd_05,못,LAW,WASH|JOIN,WASH|JOIN,이어붙이면 더 맑아진다.,씻긴 못,CLARIFIED,0,
631,forge__odd_05__rot_01,odd_05|rot_01,odd_05,노래하는 못,rot_01,딱지,LAW,rot_01,앉은,odd_05,못,LAW,ROT|JOIN,ROT|JOIN,이어붙이면 더 삭는다.,앉은 못,FESTERED,0,
632,forge__odd_05__rot_02,odd_05|rot_02,odd_05,노래하는 못,rot_02,무른 뿌리,LAW,rot_02,무른,odd_05,못,LAW,ROT|JOIN,ROT|JOIN,이어붙이면 더 삭는다.,무른 못,FESTERED,0,
633,forge__odd_05__rot_03,odd_05|rot_03,odd_05,노래하는 못,rot_03,곰팡이 꽃,LAW,rot_03,핀,odd_05,못,LAW,ROT|JOIN,ROT|JOIN,이어붙이면 더 삭는다.,핀 못,FESTERED,0,
634,forge__odd_05__rot_04,odd_05|rot_04,odd_05,노래하는 못,rot_04,번지는 얼룩,LAW,rot_04,번지는,odd_05,못,LAW,ROT|JOIN,ROT|JOIN,이어붙이면 더 삭는다.,번지는 못,FESTERED,0,
635,forge__odd_05__rot_05,odd_05|rot_05,odd_05,노래하는 못,rot_05,내려앉은 냄새,LAW,rot_05,내려앉은,odd_05,못,LAW,ROT|JOIN,ROT|JOIN,이어붙이면 더 삭는다.,내려앉은 못,FESTERED,0,
636,forge__odd_05__scat_01,odd_05|scat_01,odd_05,노래하는 못,scat_01,가벼운 뼈,LAW,scat_01,가벼운,odd_05,못,LAW,SCATTER|JOIN,SCATTER|JOIN,이어붙이면 더 빨라진다.,가벼운 못,QUICKENED,0,
637,forge__odd_05__scat_02,odd_05|scat_02,odd_05,노래하는 못,scat_02,흩날리는 씨,LAW,scat_02,흩날리는,odd_05,못,LAW,SCATTER|JOIN,SCATTER|JOIN,이어붙이면 더 빨라진다.,흩날리는 못,QUICKENED,0,
638,forge__odd_05__scat_03,odd_05|scat_03,odd_05,노래하는 못,scat_03,벗겨진 껍데기,LAW,scat_03,벗겨진,odd_05,못,LAW,SCATTER|JOIN,SCATTER|JOIN,이어붙이면 더 빨라진다.,벗겨진 못,QUICKENED,0,
639,forge__odd_05__scat_04,odd_05|scat_04,odd_05,노래하는 못,scat_04,뜬 먼지,LAW,scat_04,뜬,odd_05,못,LAW,SCATTER|JOIN,SCATTER|JOIN,이어붙이면 더 빨라진다.,뜬 못,QUICKENED,0,
640,forge__odd_05__scat_05,odd_05|scat_05,odd_05,노래하는 못,scat_05,마른 바람,LAW,scat_05,마른,odd_05,못,LAW,SCATTER|JOIN,SCATTER|JOIN,이어붙이면 더 빨라진다.,마른 못,QUICKENED,0,
641,forge__odd_05__still_01,odd_05|still_01,odd_05,노래하는 못,still_01,서리꽃,LAW,still_01,서리 낀,odd_05,못,LAW,STILL|JOIN,STILL|JOIN,이어붙이면 더 굳는다.,서리 낀 못,HARDENED,0,
642,forge__odd_05__still_02,odd_05|still_02,odd_05,노래하는 못,still_02,멈춘 물방울,LAW,still_02,멈춘,odd_05,못,LAW,STILL|JOIN,STILL|JOIN,이어붙이면 더 굳는다.,멈춘 못,HARDENED,0,
643,forge__odd_05__still_03,odd_05|still_03,odd_05,노래하는 못,still_03,잠긴 발자국,LAW,still_03,잠긴,odd_05,못,LAW,STILL|JOIN,STILL|JOIN,이어붙이면 더 굳는다.,잠긴 못,HARDENED,0,
644,forge__odd_05__still_04,odd_05|still_04,odd_05,노래하는 못,still_04,굳은 숨,LAW,still_04,숨 멎은,odd_05,못,LAW,STILL|JOIN,STILL|JOIN,이어붙이면 더 굳는다.,숨 멎은 못,HARDENED,0,
645,forge__odd_05__still_05,odd_05|still_05,odd_05,노래하는 못,still_05,그친 종소리,LAW,still_05,그친,odd_05,못,LAW,STILL|JOIN,STILL|JOIN,이어붙이면 더 굳는다.,그친 못,HARDENED,0,
646,forge__odd_05__tool_01,odd_05|tool_01,odd_05,노래하는 못,tool_01,도가니,CATALYST,tool_01,달궈진,odd_05,못,RESULT_CLASS,CATALYZED_JOIN,,,달궈진 못,CATALYZED_JOIN,0,
647,forge__odd_05__tool_02,odd_05|tool_02,odd_05,노래하는 못,tool_02,집게,CATALYST,tool_02,집어올린,odd_05,못,RESULT_CLASS,CATALYZED_JOIN,,,집어올린 못,CATALYZED_JOIN,0,
648,forge__odd_05__tool_03,odd_05|tool_03,odd_05,노래하는 못,tool_03,체,CATALYST,tool_03,걸러진,odd_05,못,RESULT_CLASS,CATALYZED_JOIN,,,걸러진 못,CATALYZED_JOIN,0,
649,forge__odd_05__tool_04,odd_05|tool_04,odd_05,노래하는 못,tool_04,등불,CATALYST,tool_04,밝혀진,odd_05,못,RESULT_CLASS,CATALYZED_JOIN,,,밝혀진 못,CATALYZED_JOIN,0,
650,forge__odd_05__tool_05,odd_05|tool_05,odd_05,노래하는 못,tool_05,계측기,CATALYST,tool_05,재어진,odd_05,못,RESULT_CLASS,CATALYZED_JOIN,,,재어진 못,CATALYZED_JOIN,0,
651,forge__odd_05__tool_06,odd_05|tool_06,odd_05,노래하는 못,tool_06,풀무,CATALYST,tool_06,불어넣은,odd_05,못,RESULT_CLASS,CATALYZED_JOIN,,,불어넣은 못,CATALYZED_JOIN,0,
652,forge__odd_05__tool_07,odd_05|tool_07,odd_05,노래하는 못,tool_07,저울,CATALYST,tool_07,달아본,odd_05,못,RESULT_CLASS,CATALYZED_JOIN,,,달아본 못,CATALYZED_JOIN,0,
653,forge__odd_05__tool_08,odd_05|tool_08,odd_05,노래하는 못,tool_08,표본 상자,CATALYST,tool_08,갈무리한,odd_05,못,RESULT_CLASS,CATALYZED_JOIN,,,갈무리한 못,CATALYZED_JOIN,0,
654,forge__odd_05__tool_09,odd_05|tool_09,odd_05,노래하는 못,tool_09,갱도 지도,CATALYST,tool_09,그려진,odd_05,못,RESULT_CLASS,CATALYZED_JOIN,,,그려진 못,CATALYZED_JOIN,0,
655,forge__odd_05__tool_10,odd_05|tool_10,odd_05,노래하는 못,tool_10,손수레,CATALYST,tool_10,실려온,odd_05,못,RESULT_CLASS,CATALYZED_JOIN,,,실려온 못,CATALYZED_JOIN,0,
656,forge__odd_05__wash_01,odd_05|wash_01,odd_05,노래하는 못,wash_01,맑은 눈물,LAW,wash_01,맑은,odd_05,못,LAW,WASH|JOIN,WASH|JOIN,이어붙이면 더 맑아진다.,맑은 못,CLARIFIED,0,
657,forge__odd_05__wash_02,odd_05|wash_02,odd_05,노래하는 못,wash_02,닳은 돌,LAW,wash_02,닳은,odd_05,못,LAW,WASH|JOIN,WASH|JOIN,이어붙이면 더 맑아진다.,닳은 못,CLARIFIED,0,
658,forge__odd_05__wash_03,odd_05|wash_03,odd_05,노래하는 못,wash_03,빈 껍질,LAW,wash_03,빈,odd_05,못,LAW,WASH|JOIN,WASH|JOIN,이어붙이면 더 맑아진다.,빈 못,CLARIFIED,0,
659,forge__odd_05__wash_04,odd_05|wash_04,odd_05,노래하는 못,wash_04,지워진 자국,LAW,wash_04,지워진,odd_05,못,LAW,WASH|JOIN,WASH|JOIN,이어붙이면 더 맑아진다.,지워진 못,CLARIFIED,0,
660,forge__odd_05__wash_05,odd_05|wash_05,odd_05,노래하는 못,wash_05,가라앉은 앙금,LAW,wash_05,가라앉은,odd_05,못,LAW,WASH|JOIN,WASH|JOIN,이어붙이면 더 맑아진다.,가라앉은 못,CLARIFIED,0,
661,forge__odd_06__ore_burn,odd_06|ore_burn,odd_06,자기를 재는 자,ore_burn,타는 조각,LAW,ore_burn,타는,odd_06,자,LAW,BURN|ROT,BURN|ROT,무너지는 것을 태우면 재만 남는다.,타는 자,INCINERATION,0,
662,forge__odd_06__ore_join,odd_06|ore_join,odd_06,자기를 재는 자,ore_join,엉긴 조각,LAW,odd_06,자기를 재는,ore_join,뭉치,LAW,ROT|JOIN,ROT|JOIN,이어붙이면 더 삭는다.,자기를 재는 뭉치,FESTERED,0,
663,forge__odd_06__ore_rot,odd_06|ore_rot,odd_06,자기를 재는 자,ore_rot,삭은 조각,LAW,odd_06,자기를 재는,ore_rot,부스러기,LAW,ROT|ROT,ROT|ROT,부패가 겹치면 스스로를 먹는다.,자기를 재는 부스러기,SELF_EATING,0,
664,forge__odd_06__ore_scatter,odd_06|ore_scatter,odd_06,자기를 재는 자,ore_scatter,흩어지는 조각,LAW,ore_scatter,흩어지는,odd_06,자,LAW,SCATTER|ROT,SCATTER|ROT,흩어지며 무너지면 번진다.,흩어지는 자,SPREADING,0,
665,forge__odd_06__ore_still,odd_06|ore_still,odd_06,자기를 재는 자,ore_still,굳은 조각,LAW,ore_still,굳은,odd_06,자,LAW,STILL|ROT,STILL|ROT,무너지는 것을 붙잡으면 굳어 남는다.,굳은 자,SCAB,0,
666,forge__odd_06__ore_wash,odd_06|ore_wash,odd_06,자기를 재는 자,ore_wash,씻긴 조각,LAW,odd_06,자기를 재는,ore_wash,속살,LAW,ROT|WASH,ROT|WASH,무너뜨림과 걷어냄은 서로를 지운다.,자기를 재는 속살,NEUTRALIZED,0,
667,forge__odd_06__rot_01,odd_06|rot_01,odd_06,자기를 재는 자,rot_01,딱지,LAW,odd_06,자기를 재는,rot_01,딱지,LAW,ROT|ROT,ROT|ROT,부패가 겹치면 스스로를 먹는다.,자기를 재는 딱지,SELF_EATING,0,
668,forge__odd_06__rot_02,odd_06|rot_02,odd_06,자기를 재는 자,rot_02,무른 뿌리,LAW,odd_06,자기를 재는,rot_02,뿌리,LAW,ROT|ROT,ROT|ROT,부패가 겹치면 스스로를 먹는다.,자기를 재는 뿌리,SELF_EATING,0,
669,forge__odd_06__rot_03,odd_06|rot_03,odd_06,자기를 재는 자,rot_03,곰팡이 꽃,LAW,odd_06,자기를 재는,rot_03,곰팡이,LAW,ROT|ROT,ROT|ROT,부패가 겹치면 스스로를 먹는다.,자기를 재는 곰팡이,SELF_EATING,0,
670,forge__odd_06__rot_04,odd_06|rot_04,odd_06,자기를 재는 자,rot_04,번지는 얼룩,LAW,odd_06,자기를 재는,rot_04,얼룩,LAW,ROT|ROT,ROT|ROT,부패가 겹치면 스스로를 먹는다.,자기를 재는 얼룩,SELF_EATING,0,
671,forge__odd_06__rot_05,odd_06|rot_05,odd_06,자기를 재는 자,rot_05,내려앉은 냄새,LAW,odd_06,자기를 재는,rot_05,냄새,LAW,ROT|ROT,ROT|ROT,부패가 겹치면 스스로를 먹는다.,자기를 재는 냄새,SELF_EATING,0,
672,forge__odd_06__scat_01,odd_06|scat_01,odd_06,자기를 재는 자,scat_01,가벼운 뼈,LAW,scat_01,가벼운,odd_06,자,LAW,SCATTER|ROT,SCATTER|ROT,흩어지며 무너지면 번진다.,가벼운 자,SPREADING,0,
673,forge__odd_06__scat_02,odd_06|scat_02,odd_06,자기를 재는 자,scat_02,흩날리는 씨,LAW,scat_02,흩날리는,odd_06,자,LAW,SCATTER|ROT,SCATTER|ROT,흩어지며 무너지면 번진다.,흩날리는 자,SPREADING,0,
674,forge__odd_06__scat_03,odd_06|scat_03,odd_06,자기를 재는 자,scat_03,벗겨진 껍데기,LAW,scat_03,벗겨진,odd_06,자,LAW,SCATTER|ROT,SCATTER|ROT,흩어지며 무너지면 번진다.,벗겨진 자,SPREADING,0,
675,forge__odd_06__scat_04,odd_06|scat_04,odd_06,자기를 재는 자,scat_04,뜬 먼지,LAW,scat_04,뜬,odd_06,자,LAW,SCATTER|ROT,SCATTER|ROT,흩어지며 무너지면 번진다.,뜬 자,SPREADING,0,
676,forge__odd_06__scat_05,odd_06|scat_05,odd_06,자기를 재는 자,scat_05,마른 바람,LAW,scat_05,마른,odd_06,자,LAW,SCATTER|ROT,SCATTER|ROT,흩어지며 무너지면 번진다.,마른 자,SPREADING,0,
677,forge__odd_06__still_01,odd_06|still_01,odd_06,자기를 재는 자,still_01,서리꽃,LAW,still_01,서리 낀,odd_06,자,LAW,STILL|ROT,STILL|ROT,무너지는 것을 붙잡으면 굳어 남는다.,서리 낀 자,SCAB,0,
678,forge__odd_06__still_02,odd_06|still_02,odd_06,자기를 재는 자,still_02,멈춘 물방울,LAW,still_02,멈춘,odd_06,자,LAW,STILL|ROT,STILL|ROT,무너지는 것을 붙잡으면 굳어 남는다.,멈춘 자,SCAB,0,
679,forge__odd_06__still_03,odd_06|still_03,odd_06,자기를 재는 자,still_03,잠긴 발자국,LAW,still_03,잠긴,odd_06,자,LAW,STILL|ROT,STILL|ROT,무너지는 것을 붙잡으면 굳어 남는다.,잠긴 자,SCAB,0,
680,forge__odd_06__still_04,odd_06|still_04,odd_06,자기를 재는 자,still_04,굳은 숨,LAW,still_04,숨 멎은,odd_06,자,LAW,STILL|ROT,STILL|ROT,무너지는 것을 붙잡으면 굳어 남는다.,숨 멎은 자,SCAB,0,
681,forge__odd_06__still_05,odd_06|still_05,odd_06,자기를 재는 자,still_05,그친 종소리,LAW,still_05,그친,odd_06,자,LAW,STILL|ROT,STILL|ROT,무너지는 것을 붙잡으면 굳어 남는다.,그친 자,SCAB,0,
682,forge__odd_06__tool_01,odd_06|tool_01,odd_06,자기를 재는 자,tool_01,도가니,CATALYST,tool_01,달궈진,odd_06,자,RESULT_CLASS,CATALYZED_ROT,,,달궈진 자,CATALYZED_ROT,0,
683,forge__odd_06__tool_02,odd_06|tool_02,odd_06,자기를 재는 자,tool_02,집게,CATALYST,tool_02,집어올린,odd_06,자,RESULT_CLASS,CATALYZED_ROT,,,집어올린 자,CATALYZED_ROT,0,
684,forge__odd_06__tool_03,odd_06|tool_03,odd_06,자기를 재는 자,tool_03,체,CATALYST,tool_03,걸러진,odd_06,자,RESULT_CLASS,CATALYZED_ROT,,,걸러진 자,CATALYZED_ROT,0,
685,forge__odd_06__tool_04,odd_06|tool_04,odd_06,자기를 재는 자,tool_04,등불,CATALYST,tool_04,밝혀진,odd_06,자,RESULT_CLASS,CATALYZED_ROT,,,밝혀진 자,CATALYZED_ROT,0,
686,forge__odd_06__tool_05,odd_06|tool_05,odd_06,자기를 재는 자,tool_05,계측기,CATALYST,tool_05,재어진,odd_06,자,RESULT_CLASS,CATALYZED_ROT,,,재어진 자,CATALYZED_ROT,0,
687,forge__odd_06__tool_06,odd_06|tool_06,odd_06,자기를 재는 자,tool_06,풀무,CATALYST,tool_06,불어넣은,odd_06,자,RESULT_CLASS,CATALYZED_ROT,,,불어넣은 자,CATALYZED_ROT,0,
688,forge__odd_06__tool_07,odd_06|tool_07,odd_06,자기를 재는 자,tool_07,저울,CATALYST,tool_07,달아본,odd_06,자,RESULT_CLASS,CATALYZED_ROT,,,달아본 자,CATALYZED_ROT,0,
689,forge__odd_06__tool_08,odd_06|tool_08,odd_06,자기를 재는 자,tool_08,표본 상자,CATALYST,tool_08,갈무리한,odd_06,자,RESULT_CLASS,CATALYZED_ROT,,,갈무리한 자,CATALYZED_ROT,0,
690,forge__odd_06__tool_09,odd_06|tool_09,odd_06,자기를 재는 자,tool_09,갱도 지도,CATALYST,tool_09,그려진,odd_06,자,RESULT_CLASS,CATALYZED_ROT,,,그려진 자,CATALYZED_ROT,0,
691,forge__odd_06__tool_10,odd_06|tool_10,odd_06,자기를 재는 자,tool_10,손수레,CATALYST,tool_10,실려온,odd_06,자,RESULT_CLASS,CATALYZED_ROT,,,실려온 자,CATALYZED_ROT,0,
692,forge__odd_06__wash_01,odd_06|wash_01,odd_06,자기를 재는 자,wash_01,맑은 눈물,LAW,odd_06,자기를 재는,wash_01,눈물,LAW,ROT|WASH,ROT|WASH,무너뜨림과 걷어냄은 서로를 지운다.,자기를 재는 눈물,NEUTRALIZED,0,
693,forge__odd_06__wash_02,odd_06|wash_02,odd_06,자기를 재는 자,wash_02,닳은 돌,LAW,odd_06,자기를 재는,wash_02,돌,LAW,ROT|WASH,ROT|WASH,무너뜨림과 걷어냄은 서로를 지운다.,자기를 재는 돌,NEUTRALIZED,0,
694,forge__odd_06__wash_03,odd_06|wash_03,odd_06,자기를 재는 자,wash_03,빈 껍질,LAW,odd_06,자기를 재는,wash_03,껍질,LAW,ROT|WASH,ROT|WASH,무너뜨림과 걷어냄은 서로를 지운다.,자기를 재는 껍질,NEUTRALIZED,0,
695,forge__odd_06__wash_04,odd_06|wash_04,odd_06,자기를 재는 자,wash_04,지워진 자국,LAW,odd_06,자기를 재는,wash_04,자국,LAW,ROT|WASH,ROT|WASH,무너뜨림과 걷어냄은 서로를 지운다.,자기를 재는 자국,NEUTRALIZED,0,
696,forge__odd_06__wash_05,odd_06|wash_05,odd_06,자기를 재는 자,wash_05,가라앉은 앙금,LAW,odd_06,자기를 재는,wash_05,앙금,LAW,ROT|WASH,ROT|WASH,무너뜨림과 걷어냄은 서로를 지운다.,자기를 재는 앙금,NEUTRALIZED,0,
697,forge__ore_burn__ore_join,ore_burn|ore_join,ore_burn,타는 조각,ore_join,엉긴 조각,LAW,ore_burn,타는,ore_join,뭉치,LAW,BURN|JOIN,BURN|JOIN,이어붙이면 더 크게 탄다.,타는 뭉치,KINDLED,0,
698,forge__ore_burn__ore_rot,ore_burn|ore_rot,ore_burn,타는 조각,ore_rot,삭은 조각,LAW,ore_burn,타는,ore_rot,부스러기,LAW,BURN|ROT,BURN|ROT,무너지는 것을 태우면 재만 남는다.,타는 부스러기,INCINERATION,0,
699,forge__ore_burn__ore_scatter,ore_burn|ore_scatter,ore_burn,타는 조각,ore_scatter,흩어지는 조각,LAW,ore_burn,타는,ore_scatter,티끌,LAW,BURN|SCATTER,BURN|SCATTER,달아나는 것에 불이 붙으면 터진다.,타는 티끌,BLAST,0,
700,forge__ore_burn__ore_still,ore_burn|ore_still,ore_burn,타는 조각,ore_still,굳은 조각,LAW,ore_still,굳은,ore_burn,불씨,LAW,STILL|BURN,STILL|BURN,터지려는 것을 붙잡으면 눌린다.,굳은 불씨,PRESSED_FIRE,0,
701,forge__ore_burn__ore_wash,ore_burn|ore_wash,ore_burn,타는 조각,ore_wash,씻긴 조각,LAW,ore_burn,타는,ore_wash,속살,LAW,BURN|WASH,BURN|WASH,불로 씻으면 태워서 없앤다.,타는 속살,SEARING,0,
702,forge__ore_burn__rot_01,ore_burn|rot_01,ore_burn,타는 조각,rot_01,딱지,LAW,ore_burn,타는,rot_01,딱지,LAW,BURN|ROT,BURN|ROT,무너지는 것을 태우면 재만 남는다.,타는 딱지,INCINERATION,0,
703,forge__ore_burn__rot_02,ore_burn|rot_02,ore_burn,타는 조각,rot_02,무른 뿌리,LAW,ore_burn,타는,rot_02,뿌리,LAW,BURN|ROT,BURN|ROT,무너지는 것을 태우면 재만 남는다.,타는 뿌리,INCINERATION,0,
704,forge__ore_burn__rot_03,ore_burn|rot_03,ore_burn,타는 조각,rot_03,곰팡이 꽃,LAW,ore_burn,타는,rot_03,곰팡이,LAW,BURN|ROT,BURN|ROT,무너지는 것을 태우면 재만 남는다.,타는 곰팡이,INCINERATION,0,
705,forge__ore_burn__rot_04,ore_burn|rot_04,ore_burn,타는 조각,rot_04,번지는 얼룩,LAW,ore_burn,타는,rot_04,얼룩,LAW,BURN|ROT,BURN|ROT,무너지는 것을 태우면 재만 남는다.,타는 얼룩,INCINERATION,0,
706,forge__ore_burn__rot_05,ore_burn|rot_05,ore_burn,타는 조각,rot_05,내려앉은 냄새,LAW,ore_burn,타는,rot_05,냄새,LAW,BURN|ROT,BURN|ROT,무너지는 것을 태우면 재만 남는다.,타는 냄새,INCINERATION,0,
707,forge__ore_burn__scat_01,ore_burn|scat_01,ore_burn,타는 조각,scat_01,가벼운 뼈,LAW,ore_burn,타는,scat_01,뼈,LAW,BURN|SCATTER,BURN|SCATTER,달아나는 것에 불이 붙으면 터진다.,타는 뼈,BLAST,0,
708,forge__ore_burn__scat_02,ore_burn|scat_02,ore_burn,타는 조각,scat_02,흩날리는 씨,LAW,ore_burn,타는,scat_02,씨,LAW,BURN|SCATTER,BURN|SCATTER,달아나는 것에 불이 붙으면 터진다.,타는 씨,BLAST,0,
709,forge__ore_burn__scat_03,ore_burn|scat_03,ore_burn,타는 조각,scat_03,벗겨진 껍데기,LAW,ore_burn,타는,scat_03,껍데기,LAW,BURN|SCATTER,BURN|SCATTER,달아나는 것에 불이 붙으면 터진다.,타는 껍데기,BLAST,0,
710,forge__ore_burn__scat_04,ore_burn|scat_04,ore_burn,타는 조각,scat_04,뜬 먼지,LAW,ore_burn,타는,scat_04,먼지,LAW,BURN|SCATTER,BURN|SCATTER,달아나는 것에 불이 붙으면 터진다.,타는 먼지,BLAST,0,
711,forge__ore_burn__scat_05,ore_burn|scat_05,ore_burn,타는 조각,scat_05,마른 바람,LAW,ore_burn,타는,scat_05,바람,LAW,BURN|SCATTER,BURN|SCATTER,달아나는 것에 불이 붙으면 터진다.,타는 바람,BLAST,0,
712,forge__ore_burn__still_01,ore_burn|still_01,ore_burn,타는 조각,still_01,서리꽃,LAW,still_01,서리 낀,ore_burn,불씨,LAW,STILL|BURN,STILL|BURN,터지려는 것을 붙잡으면 눌린다.,서리 낀 불씨,PRESSED_FIRE,0,
713,forge__ore_burn__still_02,ore_burn|still_02,ore_burn,타는 조각,still_02,멈춘 물방울,LAW,still_02,멈춘,ore_burn,불씨,LAW,STILL|BURN,STILL|BURN,터지려는 것을 붙잡으면 눌린다.,멈춘 불씨,PRESSED_FIRE,0,
714,forge__ore_burn__still_03,ore_burn|still_03,ore_burn,타는 조각,still_03,잠긴 발자국,LAW,still_03,잠긴,ore_burn,불씨,LAW,STILL|BURN,STILL|BURN,터지려는 것을 붙잡으면 눌린다.,잠긴 불씨,PRESSED_FIRE,0,
715,forge__ore_burn__still_04,ore_burn|still_04,ore_burn,타는 조각,still_04,굳은 숨,LAW,still_04,숨 멎은,ore_burn,불씨,LAW,STILL|BURN,STILL|BURN,터지려는 것을 붙잡으면 눌린다.,숨 멎은 불씨,PRESSED_FIRE,0,
716,forge__ore_burn__still_05,ore_burn|still_05,ore_burn,타는 조각,still_05,그친 종소리,LAW,still_05,그친,ore_burn,불씨,LAW,STILL|BURN,STILL|BURN,터지려는 것을 붙잡으면 눌린다.,그친 불씨,PRESSED_FIRE,0,
717,forge__ore_burn__tool_01,ore_burn|tool_01,ore_burn,타는 조각,tool_01,도가니,CATALYST,tool_01,달궈진,ore_burn,불씨,RESULT_CLASS,CATALYZED_BURN,,,달궈진 불씨,CATALYZED_BURN,0,
718,forge__ore_burn__tool_02,ore_burn|tool_02,ore_burn,타는 조각,tool_02,집게,CATALYST,tool_02,집어올린,ore_burn,불씨,RESULT_CLASS,CATALYZED_BURN,,,집어올린 불씨,CATALYZED_BURN,0,
719,forge__ore_burn__tool_03,ore_burn|tool_03,ore_burn,타는 조각,tool_03,체,CATALYST,tool_03,걸러진,ore_burn,불씨,RESULT_CLASS,CATALYZED_BURN,,,걸러진 불씨,CATALYZED_BURN,0,
720,forge__ore_burn__tool_04,ore_burn|tool_04,ore_burn,타는 조각,tool_04,등불,CATALYST,tool_04,밝혀진,ore_burn,불씨,RESULT_CLASS,CATALYZED_BURN,,,밝혀진 불씨,CATALYZED_BURN,0,
721,forge__ore_burn__tool_05,ore_burn|tool_05,ore_burn,타는 조각,tool_05,계측기,CATALYST,tool_05,재어진,ore_burn,불씨,RESULT_CLASS,CATALYZED_BURN,,,재어진 불씨,CATALYZED_BURN,0,
722,forge__ore_burn__tool_06,ore_burn|tool_06,ore_burn,타는 조각,tool_06,풀무,CATALYST,tool_06,불어넣은,ore_burn,불씨,RESULT_CLASS,CATALYZED_BURN,,,불어넣은 불씨,CATALYZED_BURN,0,
723,forge__ore_burn__tool_07,ore_burn|tool_07,ore_burn,타는 조각,tool_07,저울,CATALYST,tool_07,달아본,ore_burn,불씨,RESULT_CLASS,CATALYZED_BURN,,,달아본 불씨,CATALYZED_BURN,0,
724,forge__ore_burn__tool_08,ore_burn|tool_08,ore_burn,타는 조각,tool_08,표본 상자,CATALYST,tool_08,갈무리한,ore_burn,불씨,RESULT_CLASS,CATALYZED_BURN,,,갈무리한 불씨,CATALYZED_BURN,0,
725,forge__ore_burn__tool_09,ore_burn|tool_09,ore_burn,타는 조각,tool_09,갱도 지도,CATALYST,tool_09,그려진,ore_burn,불씨,RESULT_CLASS,CATALYZED_BURN,,,그려진 불씨,CATALYZED_BURN,0,
726,forge__ore_burn__tool_10,ore_burn|tool_10,ore_burn,타는 조각,tool_10,손수레,CATALYST,tool_10,실려온,ore_burn,불씨,RESULT_CLASS,CATALYZED_BURN,,,실려온 불씨,CATALYZED_BURN,0,
727,forge__ore_burn__wash_01,ore_burn|wash_01,ore_burn,타는 조각,wash_01,맑은 눈물,LAW,ore_burn,타는,wash_01,눈물,LAW,BURN|WASH,BURN|WASH,불로 씻으면 태워서 없앤다.,타는 눈물,SEARING,0,
728,forge__ore_burn__wash_02,ore_burn|wash_02,ore_burn,타는 조각,wash_02,닳은 돌,LAW,ore_burn,타는,wash_02,돌,LAW,BURN|WASH,BURN|WASH,불로 씻으면 태워서 없앤다.,타는 돌,SEARING,0,
729,forge__ore_burn__wash_03,ore_burn|wash_03,ore_burn,타는 조각,wash_03,빈 껍질,LAW,ore_burn,타는,wash_03,껍질,LAW,BURN|WASH,BURN|WASH,불로 씻으면 태워서 없앤다.,타는 껍질,SEARING,0,
730,forge__ore_burn__wash_04,ore_burn|wash_04,ore_burn,타는 조각,wash_04,지워진 자국,LAW,ore_burn,타는,wash_04,자국,LAW,BURN|WASH,BURN|WASH,불로 씻으면 태워서 없앤다.,타는 자국,SEARING,0,
731,forge__ore_burn__wash_05,ore_burn|wash_05,ore_burn,타는 조각,wash_05,가라앉은 앙금,LAW,ore_burn,타는,wash_05,앙금,LAW,BURN|WASH,BURN|WASH,불로 씻으면 태워서 없앤다.,타는 앙금,SEARING,0,
732,forge__ore_join__ore_rot,ore_join|ore_rot,ore_join,엉긴 조각,ore_rot,삭은 조각,LAW,ore_rot,삭은,ore_join,뭉치,LAW,ROT|JOIN,ROT|JOIN,이어붙이면 더 삭는다.,삭은 뭉치,FESTERED,0,
733,forge__ore_join__ore_scatter,ore_join|ore_scatter,ore_join,엉긴 조각,ore_scatter,흩어지는 조각,LAW,ore_scatter,흩어지는,ore_join,뭉치,LAW,SCATTER|JOIN,SCATTER|JOIN,이어붙이면 더 빨라진다.,흩어지는 뭉치,QUICKENED,0,
734,forge__ore_join__ore_still,ore_join|ore_still,ore_join,엉긴 조각,ore_still,굳은 조각,LAW,ore_still,굳은,ore_join,뭉치,LAW,STILL|JOIN,STILL|JOIN,이어붙이면 더 굳는다.,굳은 뭉치,HARDENED,0,
735,forge__ore_join__ore_wash,ore_join|ore_wash,ore_join,엉긴 조각,ore_wash,씻긴 조각,LAW,ore_wash,씻긴,ore_join,뭉치,LAW,WASH|JOIN,WASH|JOIN,이어붙이면 더 맑아진다.,씻긴 뭉치,CLARIFIED,0,
736,forge__ore_join__rot_01,ore_join|rot_01,ore_join,엉긴 조각,rot_01,딱지,LAW,rot_01,앉은,ore_join,뭉치,LAW,ROT|JOIN,ROT|JOIN,이어붙이면 더 삭는다.,앉은 뭉치,FESTERED,0,
737,forge__ore_join__rot_02,ore_join|rot_02,ore_join,엉긴 조각,rot_02,무른 뿌리,LAW,rot_02,무른,ore_join,뭉치,LAW,ROT|JOIN,ROT|JOIN,이어붙이면 더 삭는다.,무른 뭉치,FESTERED,0,
738,forge__ore_join__rot_03,ore_join|rot_03,ore_join,엉긴 조각,rot_03,곰팡이 꽃,LAW,rot_03,핀,ore_join,뭉치,LAW,ROT|JOIN,ROT|JOIN,이어붙이면 더 삭는다.,핀 뭉치,FESTERED,0,
739,forge__ore_join__rot_04,ore_join|rot_04,ore_join,엉긴 조각,rot_04,번지는 얼룩,LAW,rot_04,번지는,ore_join,뭉치,LAW,ROT|JOIN,ROT|JOIN,이어붙이면 더 삭는다.,번지는 뭉치,FESTERED,0,
740,forge__ore_join__rot_05,ore_join|rot_05,ore_join,엉긴 조각,rot_05,내려앉은 냄새,LAW,rot_05,내려앉은,ore_join,뭉치,LAW,ROT|JOIN,ROT|JOIN,이어붙이면 더 삭는다.,내려앉은 뭉치,FESTERED,0,
741,forge__ore_join__scat_01,ore_join|scat_01,ore_join,엉긴 조각,scat_01,가벼운 뼈,LAW,scat_01,가벼운,ore_join,뭉치,LAW,SCATTER|JOIN,SCATTER|JOIN,이어붙이면 더 빨라진다.,가벼운 뭉치,QUICKENED,0,
742,forge__ore_join__scat_02,ore_join|scat_02,ore_join,엉긴 조각,scat_02,흩날리는 씨,LAW,scat_02,흩날리는,ore_join,뭉치,LAW,SCATTER|JOIN,SCATTER|JOIN,이어붙이면 더 빨라진다.,흩날리는 뭉치,QUICKENED,0,
743,forge__ore_join__scat_03,ore_join|scat_03,ore_join,엉긴 조각,scat_03,벗겨진 껍데기,LAW,scat_03,벗겨진,ore_join,뭉치,LAW,SCATTER|JOIN,SCATTER|JOIN,이어붙이면 더 빨라진다.,벗겨진 뭉치,QUICKENED,0,
744,forge__ore_join__scat_04,ore_join|scat_04,ore_join,엉긴 조각,scat_04,뜬 먼지,LAW,scat_04,뜬,ore_join,뭉치,LAW,SCATTER|JOIN,SCATTER|JOIN,이어붙이면 더 빨라진다.,뜬 뭉치,QUICKENED,0,
745,forge__ore_join__scat_05,ore_join|scat_05,ore_join,엉긴 조각,scat_05,마른 바람,LAW,scat_05,마른,ore_join,뭉치,LAW,SCATTER|JOIN,SCATTER|JOIN,이어붙이면 더 빨라진다.,마른 뭉치,QUICKENED,0,
746,forge__ore_join__still_01,ore_join|still_01,ore_join,엉긴 조각,still_01,서리꽃,LAW,still_01,서리 낀,ore_join,뭉치,LAW,STILL|JOIN,STILL|JOIN,이어붙이면 더 굳는다.,서리 낀 뭉치,HARDENED,0,
747,forge__ore_join__still_02,ore_join|still_02,ore_join,엉긴 조각,still_02,멈춘 물방울,LAW,still_02,멈춘,ore_join,뭉치,LAW,STILL|JOIN,STILL|JOIN,이어붙이면 더 굳는다.,멈춘 뭉치,HARDENED,0,
748,forge__ore_join__still_03,ore_join|still_03,ore_join,엉긴 조각,still_03,잠긴 발자국,LAW,still_03,잠긴,ore_join,뭉치,LAW,STILL|JOIN,STILL|JOIN,이어붙이면 더 굳는다.,잠긴 뭉치,HARDENED,0,
749,forge__ore_join__still_04,ore_join|still_04,ore_join,엉긴 조각,still_04,굳은 숨,LAW,still_04,숨 멎은,ore_join,뭉치,LAW,STILL|JOIN,STILL|JOIN,이어붙이면 더 굳는다.,숨 멎은 뭉치,HARDENED,0,
750,forge__ore_join__still_05,ore_join|still_05,ore_join,엉긴 조각,still_05,그친 종소리,LAW,still_05,그친,ore_join,뭉치,LAW,STILL|JOIN,STILL|JOIN,이어붙이면 더 굳는다.,그친 뭉치,HARDENED,0,
751,forge__ore_join__tool_01,ore_join|tool_01,ore_join,엉긴 조각,tool_01,도가니,CATALYST,tool_01,달궈진,ore_join,뭉치,RESULT_CLASS,CATALYZED_JOIN,,,달궈진 뭉치,CATALYZED_JOIN,0,
752,forge__ore_join__tool_02,ore_join|tool_02,ore_join,엉긴 조각,tool_02,집게,CATALYST,tool_02,집어올린,ore_join,뭉치,RESULT_CLASS,CATALYZED_JOIN,,,집어올린 뭉치,CATALYZED_JOIN,0,
753,forge__ore_join__tool_03,ore_join|tool_03,ore_join,엉긴 조각,tool_03,체,CATALYST,tool_03,걸러진,ore_join,뭉치,RESULT_CLASS,CATALYZED_JOIN,,,걸러진 뭉치,CATALYZED_JOIN,0,
754,forge__ore_join__tool_04,ore_join|tool_04,ore_join,엉긴 조각,tool_04,등불,CATALYST,tool_04,밝혀진,ore_join,뭉치,RESULT_CLASS,CATALYZED_JOIN,,,밝혀진 뭉치,CATALYZED_JOIN,0,
755,forge__ore_join__tool_05,ore_join|tool_05,ore_join,엉긴 조각,tool_05,계측기,CATALYST,tool_05,재어진,ore_join,뭉치,RESULT_CLASS,CATALYZED_JOIN,,,재어진 뭉치,CATALYZED_JOIN,0,
756,forge__ore_join__tool_06,ore_join|tool_06,ore_join,엉긴 조각,tool_06,풀무,CATALYST,tool_06,불어넣은,ore_join,뭉치,RESULT_CLASS,CATALYZED_JOIN,,,불어넣은 뭉치,CATALYZED_JOIN,0,
757,forge__ore_join__tool_07,ore_join|tool_07,ore_join,엉긴 조각,tool_07,저울,CATALYST,tool_07,달아본,ore_join,뭉치,RESULT_CLASS,CATALYZED_JOIN,,,달아본 뭉치,CATALYZED_JOIN,0,
758,forge__ore_join__tool_08,ore_join|tool_08,ore_join,엉긴 조각,tool_08,표본 상자,CATALYST,tool_08,갈무리한,ore_join,뭉치,RESULT_CLASS,CATALYZED_JOIN,,,갈무리한 뭉치,CATALYZED_JOIN,0,
759,forge__ore_join__tool_09,ore_join|tool_09,ore_join,엉긴 조각,tool_09,갱도 지도,CATALYST,tool_09,그려진,ore_join,뭉치,RESULT_CLASS,CATALYZED_JOIN,,,그려진 뭉치,CATALYZED_JOIN,0,
760,forge__ore_join__tool_10,ore_join|tool_10,ore_join,엉긴 조각,tool_10,손수레,CATALYST,tool_10,실려온,ore_join,뭉치,RESULT_CLASS,CATALYZED_JOIN,,,실려온 뭉치,CATALYZED_JOIN,0,
761,forge__ore_join__wash_01,ore_join|wash_01,ore_join,엉긴 조각,wash_01,맑은 눈물,LAW,wash_01,맑은,ore_join,뭉치,LAW,WASH|JOIN,WASH|JOIN,이어붙이면 더 맑아진다.,맑은 뭉치,CLARIFIED,0,
762,forge__ore_join__wash_02,ore_join|wash_02,ore_join,엉긴 조각,wash_02,닳은 돌,LAW,wash_02,닳은,ore_join,뭉치,LAW,WASH|JOIN,WASH|JOIN,이어붙이면 더 맑아진다.,닳은 뭉치,CLARIFIED,0,
763,forge__ore_join__wash_03,ore_join|wash_03,ore_join,엉긴 조각,wash_03,빈 껍질,LAW,wash_03,빈,ore_join,뭉치,LAW,WASH|JOIN,WASH|JOIN,이어붙이면 더 맑아진다.,빈 뭉치,CLARIFIED,0,
764,forge__ore_join__wash_04,ore_join|wash_04,ore_join,엉긴 조각,wash_04,지워진 자국,LAW,wash_04,지워진,ore_join,뭉치,LAW,WASH|JOIN,WASH|JOIN,이어붙이면 더 맑아진다.,지워진 뭉치,CLARIFIED,0,
765,forge__ore_join__wash_05,ore_join|wash_05,ore_join,엉긴 조각,wash_05,가라앉은 앙금,LAW,wash_05,가라앉은,ore_join,뭉치,LAW,WASH|JOIN,WASH|JOIN,이어붙이면 더 맑아진다.,가라앉은 뭉치,CLARIFIED,0,
766,forge__ore_rot__ore_scatter,ore_rot|ore_scatter,ore_rot,삭은 조각,ore_scatter,흩어지는 조각,LAW,ore_scatter,흩어지는,ore_rot,부스러기,LAW,SCATTER|ROT,SCATTER|ROT,흩어지며 무너지면 번진다.,흩어지는 부스러기,SPREADING,0,
767,forge__ore_rot__ore_still,ore_rot|ore_still,ore_rot,삭은 조각,ore_still,굳은 조각,LAW,ore_still,굳은,ore_rot,부스러기,LAW,STILL|ROT,STILL|ROT,무너지는 것을 붙잡으면 굳어 남는다.,굳은 부스러기,SCAB,0,
768,forge__ore_rot__ore_wash,ore_rot|ore_wash,ore_rot,삭은 조각,ore_wash,씻긴 조각,LAW,ore_rot,삭은,ore_wash,속살,LAW,ROT|WASH,ROT|WASH,무너뜨림과 걷어냄은 서로를 지운다.,삭은 속살,NEUTRALIZED,0,
769,forge__ore_rot__rot_01,ore_rot|rot_01,ore_rot,삭은 조각,rot_01,딱지,LAW,ore_rot,삭은,rot_01,딱지,LAW,ROT|ROT,ROT|ROT,부패가 겹치면 스스로를 먹는다.,삭은 딱지,SELF_EATING,0,
770,forge__ore_rot__rot_02,ore_rot|rot_02,ore_rot,삭은 조각,rot_02,무른 뿌리,LAW,ore_rot,삭은,rot_02,뿌리,LAW,ROT|ROT,ROT|ROT,부패가 겹치면 스스로를 먹는다.,삭은 뿌리,SELF_EATING,0,
771,forge__ore_rot__rot_03,ore_rot|rot_03,ore_rot,삭은 조각,rot_03,곰팡이 꽃,LAW,ore_rot,삭은,rot_03,곰팡이,LAW,ROT|ROT,ROT|ROT,부패가 겹치면 스스로를 먹는다.,삭은 곰팡이,SELF_EATING,0,
772,forge__ore_rot__rot_04,ore_rot|rot_04,ore_rot,삭은 조각,rot_04,번지는 얼룩,LAW,ore_rot,삭은,rot_04,얼룩,LAW,ROT|ROT,ROT|ROT,부패가 겹치면 스스로를 먹는다.,삭은 얼룩,SELF_EATING,0,
773,forge__ore_rot__rot_05,ore_rot|rot_05,ore_rot,삭은 조각,rot_05,내려앉은 냄새,LAW,ore_rot,삭은,rot_05,냄새,LAW,ROT|ROT,ROT|ROT,부패가 겹치면 스스로를 먹는다.,삭은 냄새,SELF_EATING,0,
774,forge__ore_rot__scat_01,ore_rot|scat_01,ore_rot,삭은 조각,scat_01,가벼운 뼈,LAW,scat_01,가벼운,ore_rot,부스러기,LAW,SCATTER|ROT,SCATTER|ROT,흩어지며 무너지면 번진다.,가벼운 부스러기,SPREADING,0,
775,forge__ore_rot__scat_02,ore_rot|scat_02,ore_rot,삭은 조각,scat_02,흩날리는 씨,LAW,scat_02,흩날리는,ore_rot,부스러기,LAW,SCATTER|ROT,SCATTER|ROT,흩어지며 무너지면 번진다.,흩날리는 부스러기,SPREADING,0,
776,forge__ore_rot__scat_03,ore_rot|scat_03,ore_rot,삭은 조각,scat_03,벗겨진 껍데기,LAW,scat_03,벗겨진,ore_rot,부스러기,LAW,SCATTER|ROT,SCATTER|ROT,흩어지며 무너지면 번진다.,벗겨진 부스러기,SPREADING,0,
777,forge__ore_rot__scat_04,ore_rot|scat_04,ore_rot,삭은 조각,scat_04,뜬 먼지,LAW,scat_04,뜬,ore_rot,부스러기,LAW,SCATTER|ROT,SCATTER|ROT,흩어지며 무너지면 번진다.,뜬 부스러기,SPREADING,0,
778,forge__ore_rot__scat_05,ore_rot|scat_05,ore_rot,삭은 조각,scat_05,마른 바람,LAW,scat_05,마른,ore_rot,부스러기,LAW,SCATTER|ROT,SCATTER|ROT,흩어지며 무너지면 번진다.,마른 부스러기,SPREADING,0,
779,forge__ore_rot__still_01,ore_rot|still_01,ore_rot,삭은 조각,still_01,서리꽃,LAW,still_01,서리 낀,ore_rot,부스러기,LAW,STILL|ROT,STILL|ROT,무너지는 것을 붙잡으면 굳어 남는다.,서리 낀 부스러기,SCAB,0,
780,forge__ore_rot__still_02,ore_rot|still_02,ore_rot,삭은 조각,still_02,멈춘 물방울,LAW,still_02,멈춘,ore_rot,부스러기,LAW,STILL|ROT,STILL|ROT,무너지는 것을 붙잡으면 굳어 남는다.,멈춘 부스러기,SCAB,0,
781,forge__ore_rot__still_03,ore_rot|still_03,ore_rot,삭은 조각,still_03,잠긴 발자국,LAW,still_03,잠긴,ore_rot,부스러기,LAW,STILL|ROT,STILL|ROT,무너지는 것을 붙잡으면 굳어 남는다.,잠긴 부스러기,SCAB,0,
782,forge__ore_rot__still_04,ore_rot|still_04,ore_rot,삭은 조각,still_04,굳은 숨,LAW,still_04,숨 멎은,ore_rot,부스러기,LAW,STILL|ROT,STILL|ROT,무너지는 것을 붙잡으면 굳어 남는다.,숨 멎은 부스러기,SCAB,0,
783,forge__ore_rot__still_05,ore_rot|still_05,ore_rot,삭은 조각,still_05,그친 종소리,LAW,still_05,그친,ore_rot,부스러기,LAW,STILL|ROT,STILL|ROT,무너지는 것을 붙잡으면 굳어 남는다.,그친 부스러기,SCAB,0,
784,forge__ore_rot__tool_01,ore_rot|tool_01,ore_rot,삭은 조각,tool_01,도가니,CATALYST,tool_01,달궈진,ore_rot,부스러기,RESULT_CLASS,CATALYZED_ROT,,,달궈진 부스러기,CATALYZED_ROT,0,
785,forge__ore_rot__tool_02,ore_rot|tool_02,ore_rot,삭은 조각,tool_02,집게,CATALYST,tool_02,집어올린,ore_rot,부스러기,RESULT_CLASS,CATALYZED_ROT,,,집어올린 부스러기,CATALYZED_ROT,0,
786,forge__ore_rot__tool_03,ore_rot|tool_03,ore_rot,삭은 조각,tool_03,체,CATALYST,tool_03,걸러진,ore_rot,부스러기,RESULT_CLASS,CATALYZED_ROT,,,걸러진 부스러기,CATALYZED_ROT,0,
787,forge__ore_rot__tool_04,ore_rot|tool_04,ore_rot,삭은 조각,tool_04,등불,CATALYST,tool_04,밝혀진,ore_rot,부스러기,RESULT_CLASS,CATALYZED_ROT,,,밝혀진 부스러기,CATALYZED_ROT,0,
788,forge__ore_rot__tool_05,ore_rot|tool_05,ore_rot,삭은 조각,tool_05,계측기,CATALYST,tool_05,재어진,ore_rot,부스러기,RESULT_CLASS,CATALYZED_ROT,,,재어진 부스러기,CATALYZED_ROT,0,
789,forge__ore_rot__tool_06,ore_rot|tool_06,ore_rot,삭은 조각,tool_06,풀무,CATALYST,tool_06,불어넣은,ore_rot,부스러기,RESULT_CLASS,CATALYZED_ROT,,,불어넣은 부스러기,CATALYZED_ROT,0,
790,forge__ore_rot__tool_07,ore_rot|tool_07,ore_rot,삭은 조각,tool_07,저울,CATALYST,tool_07,달아본,ore_rot,부스러기,RESULT_CLASS,CATALYZED_ROT,,,달아본 부스러기,CATALYZED_ROT,0,
791,forge__ore_rot__tool_08,ore_rot|tool_08,ore_rot,삭은 조각,tool_08,표본 상자,CATALYST,tool_08,갈무리한,ore_rot,부스러기,RESULT_CLASS,CATALYZED_ROT,,,갈무리한 부스러기,CATALYZED_ROT,0,
792,forge__ore_rot__tool_09,ore_rot|tool_09,ore_rot,삭은 조각,tool_09,갱도 지도,CATALYST,tool_09,그려진,ore_rot,부스러기,RESULT_CLASS,CATALYZED_ROT,,,그려진 부스러기,CATALYZED_ROT,0,
793,forge__ore_rot__tool_10,ore_rot|tool_10,ore_rot,삭은 조각,tool_10,손수레,CATALYST,tool_10,실려온,ore_rot,부스러기,RESULT_CLASS,CATALYZED_ROT,,,실려온 부스러기,CATALYZED_ROT,0,
794,forge__ore_rot__wash_01,ore_rot|wash_01,ore_rot,삭은 조각,wash_01,맑은 눈물,LAW,ore_rot,삭은,wash_01,눈물,LAW,ROT|WASH,ROT|WASH,무너뜨림과 걷어냄은 서로를 지운다.,삭은 눈물,NEUTRALIZED,0,
795,forge__ore_rot__wash_02,ore_rot|wash_02,ore_rot,삭은 조각,wash_02,닳은 돌,LAW,ore_rot,삭은,wash_02,돌,LAW,ROT|WASH,ROT|WASH,무너뜨림과 걷어냄은 서로를 지운다.,삭은 돌,NEUTRALIZED,0,
796,forge__ore_rot__wash_03,ore_rot|wash_03,ore_rot,삭은 조각,wash_03,빈 껍질,LAW,ore_rot,삭은,wash_03,껍질,LAW,ROT|WASH,ROT|WASH,무너뜨림과 걷어냄은 서로를 지운다.,삭은 껍질,NEUTRALIZED,0,
797,forge__ore_rot__wash_04,ore_rot|wash_04,ore_rot,삭은 조각,wash_04,지워진 자국,LAW,ore_rot,삭은,wash_04,자국,LAW,ROT|WASH,ROT|WASH,무너뜨림과 걷어냄은 서로를 지운다.,삭은 자국,NEUTRALIZED,0,
798,forge__ore_rot__wash_05,ore_rot|wash_05,ore_rot,삭은 조각,wash_05,가라앉은 앙금,LAW,ore_rot,삭은,wash_05,앙금,LAW,ROT|WASH,ROT|WASH,무너뜨림과 걷어냄은 서로를 지운다.,삭은 앙금,NEUTRALIZED,0,
799,forge__ore_scatter__ore_still,ore_scatter|ore_still,ore_scatter,흩어지는 조각,ore_still,굳은 조각,LAW,ore_still,굳은,ore_scatter,티끌,LAW,STILL|SCATTER,STILL|SCATTER,달아나려는 것을 붙잡으면 가라앉는다.,굳은 티끌,SETTLING,0,
800,forge__ore_scatter__ore_wash,ore_scatter|ore_wash,ore_scatter,흩어지는 조각,ore_wash,씻긴 조각,LAW,ore_scatter,흩어지는,ore_wash,속살,LAW,SCATTER|WASH,SCATTER|WASH,씻겨 날아가면 흔적이 없다.,흩어지는 속살,VANISHING,0,
801,forge__ore_scatter__rot_01,ore_scatter|rot_01,ore_scatter,흩어지는 조각,rot_01,딱지,LAW,ore_scatter,흩어지는,rot_01,딱지,LAW,SCATTER|ROT,SCATTER|ROT,흩어지며 무너지면 번진다.,흩어지는 딱지,SPREADING,0,
802,forge__ore_scatter__rot_02,ore_scatter|rot_02,ore_scatter,흩어지는 조각,rot_02,무른 뿌리,LAW,ore_scatter,흩어지는,rot_02,뿌리,LAW,SCATTER|ROT,SCATTER|ROT,흩어지며 무너지면 번진다.,흩어지는 뿌리,SPREADING,0,
803,forge__ore_scatter__rot_03,ore_scatter|rot_03,ore_scatter,흩어지는 조각,rot_03,곰팡이 꽃,LAW,ore_scatter,흩어지는,rot_03,곰팡이,LAW,SCATTER|ROT,SCATTER|ROT,흩어지며 무너지면 번진다.,흩어지는 곰팡이,SPREADING,0,
804,forge__ore_scatter__rot_04,ore_scatter|rot_04,ore_scatter,흩어지는 조각,rot_04,번지는 얼룩,LAW,ore_scatter,흩어지는,rot_04,얼룩,LAW,SCATTER|ROT,SCATTER|ROT,흩어지며 무너지면 번진다.,흩어지는 얼룩,SPREADING,0,
805,forge__ore_scatter__rot_05,ore_scatter|rot_05,ore_scatter,흩어지는 조각,rot_05,내려앉은 냄새,LAW,ore_scatter,흩어지는,rot_05,냄새,LAW,SCATTER|ROT,SCATTER|ROT,흩어지며 무너지면 번진다.,흩어지는 냄새,SPREADING,0,
806,forge__ore_scatter__scat_01,ore_scatter|scat_01,ore_scatter,흩어지는 조각,scat_01,가벼운 뼈,LAW,ore_scatter,흩어지는,scat_01,뼈,LAW,SCATTER|SCATTER,SCATTER|SCATTER,휘발이 겹치면 흔적 없이 사라진다.,흩어지는 뼈,DISPERSAL,0,
807,forge__ore_scatter__scat_02,ore_scatter|scat_02,ore_scatter,흩어지는 조각,scat_02,흩날리는 씨,LAW,ore_scatter,흩어지는,scat_02,씨,LAW,SCATTER|SCATTER,SCATTER|SCATTER,휘발이 겹치면 흔적 없이 사라진다.,흩어지는 씨,DISPERSAL,0,
808,forge__ore_scatter__scat_03,ore_scatter|scat_03,ore_scatter,흩어지는 조각,scat_03,벗겨진 껍데기,LAW,ore_scatter,흩어지는,scat_03,껍데기,LAW,SCATTER|SCATTER,SCATTER|SCATTER,휘발이 겹치면 흔적 없이 사라진다.,흩어지는 껍데기,DISPERSAL,0,
809,forge__ore_scatter__scat_04,ore_scatter|scat_04,ore_scatter,흩어지는 조각,scat_04,뜬 먼지,LAW,ore_scatter,흩어지는,scat_04,먼지,LAW,SCATTER|SCATTER,SCATTER|SCATTER,휘발이 겹치면 흔적 없이 사라진다.,흩어지는 먼지,DISPERSAL,0,
810,forge__ore_scatter__scat_05,ore_scatter|scat_05,ore_scatter,흩어지는 조각,scat_05,마른 바람,LAW,ore_scatter,흩어지는,scat_05,바람,LAW,SCATTER|SCATTER,SCATTER|SCATTER,휘발이 겹치면 흔적 없이 사라진다.,흩어지는 바람,DISPERSAL,0,
811,forge__ore_scatter__still_01,ore_scatter|still_01,ore_scatter,흩어지는 조각,still_01,서리꽃,LAW,still_01,서리 낀,ore_scatter,티끌,LAW,STILL|SCATTER,STILL|SCATTER,달아나려는 것을 붙잡으면 가라앉는다.,서리 낀 티끌,SETTLING,0,
812,forge__ore_scatter__still_02,ore_scatter|still_02,ore_scatter,흩어지는 조각,still_02,멈춘 물방울,LAW,still_02,멈춘,ore_scatter,티끌,LAW,STILL|SCATTER,STILL|SCATTER,달아나려는 것을 붙잡으면 가라앉는다.,멈춘 티끌,SETTLING,0,
813,forge__ore_scatter__still_03,ore_scatter|still_03,ore_scatter,흩어지는 조각,still_03,잠긴 발자국,LAW,still_03,잠긴,ore_scatter,티끌,LAW,STILL|SCATTER,STILL|SCATTER,달아나려는 것을 붙잡으면 가라앉는다.,잠긴 티끌,SETTLING,0,
814,forge__ore_scatter__still_04,ore_scatter|still_04,ore_scatter,흩어지는 조각,still_04,굳은 숨,LAW,still_04,숨 멎은,ore_scatter,티끌,LAW,STILL|SCATTER,STILL|SCATTER,달아나려는 것을 붙잡으면 가라앉는다.,숨 멎은 티끌,SETTLING,0,
815,forge__ore_scatter__still_05,ore_scatter|still_05,ore_scatter,흩어지는 조각,still_05,그친 종소리,LAW,still_05,그친,ore_scatter,티끌,LAW,STILL|SCATTER,STILL|SCATTER,달아나려는 것을 붙잡으면 가라앉는다.,그친 티끌,SETTLING,0,
816,forge__ore_scatter__tool_01,ore_scatter|tool_01,ore_scatter,흩어지는 조각,tool_01,도가니,CATALYST,tool_01,달궈진,ore_scatter,티끌,RESULT_CLASS,CATALYZED_SCATTER,,,달궈진 티끌,CATALYZED_SCATTER,0,
817,forge__ore_scatter__tool_02,ore_scatter|tool_02,ore_scatter,흩어지는 조각,tool_02,집게,CATALYST,tool_02,집어올린,ore_scatter,티끌,RESULT_CLASS,CATALYZED_SCATTER,,,집어올린 티끌,CATALYZED_SCATTER,0,
818,forge__ore_scatter__tool_03,ore_scatter|tool_03,ore_scatter,흩어지는 조각,tool_03,체,CATALYST,tool_03,걸러진,ore_scatter,티끌,RESULT_CLASS,CATALYZED_SCATTER,,,걸러진 티끌,CATALYZED_SCATTER,0,
819,forge__ore_scatter__tool_04,ore_scatter|tool_04,ore_scatter,흩어지는 조각,tool_04,등불,CATALYST,tool_04,밝혀진,ore_scatter,티끌,RESULT_CLASS,CATALYZED_SCATTER,,,밝혀진 티끌,CATALYZED_SCATTER,0,
820,forge__ore_scatter__tool_05,ore_scatter|tool_05,ore_scatter,흩어지는 조각,tool_05,계측기,CATALYST,tool_05,재어진,ore_scatter,티끌,RESULT_CLASS,CATALYZED_SCATTER,,,재어진 티끌,CATALYZED_SCATTER,0,
821,forge__ore_scatter__tool_06,ore_scatter|tool_06,ore_scatter,흩어지는 조각,tool_06,풀무,CATALYST,tool_06,불어넣은,ore_scatter,티끌,RESULT_CLASS,CATALYZED_SCATTER,,,불어넣은 티끌,CATALYZED_SCATTER,0,
822,forge__ore_scatter__tool_07,ore_scatter|tool_07,ore_scatter,흩어지는 조각,tool_07,저울,CATALYST,tool_07,달아본,ore_scatter,티끌,RESULT_CLASS,CATALYZED_SCATTER,,,달아본 티끌,CATALYZED_SCATTER,0,
823,forge__ore_scatter__tool_08,ore_scatter|tool_08,ore_scatter,흩어지는 조각,tool_08,표본 상자,CATALYST,tool_08,갈무리한,ore_scatter,티끌,RESULT_CLASS,CATALYZED_SCATTER,,,갈무리한 티끌,CATALYZED_SCATTER,0,
824,forge__ore_scatter__tool_09,ore_scatter|tool_09,ore_scatter,흩어지는 조각,tool_09,갱도 지도,CATALYST,tool_09,그려진,ore_scatter,티끌,RESULT_CLASS,CATALYZED_SCATTER,,,그려진 티끌,CATALYZED_SCATTER,0,
825,forge__ore_scatter__tool_10,ore_scatter|tool_10,ore_scatter,흩어지는 조각,tool_10,손수레,CATALYST,tool_10,실려온,ore_scatter,티끌,RESULT_CLASS,CATALYZED_SCATTER,,,실려온 티끌,CATALYZED_SCATTER,0,
826,forge__ore_scatter__wash_01,ore_scatter|wash_01,ore_scatter,흩어지는 조각,wash_01,맑은 눈물,LAW,ore_scatter,흩어지는,wash_01,눈물,LAW,SCATTER|WASH,SCATTER|WASH,씻겨 날아가면 흔적이 없다.,흩어지는 눈물,VANISHING,0,
827,forge__ore_scatter__wash_02,ore_scatter|wash_02,ore_scatter,흩어지는 조각,wash_02,닳은 돌,LAW,ore_scatter,흩어지는,wash_02,돌,LAW,SCATTER|WASH,SCATTER|WASH,씻겨 날아가면 흔적이 없다.,흩어지는 돌,VANISHING,0,
828,forge__ore_scatter__wash_03,ore_scatter|wash_03,ore_scatter,흩어지는 조각,wash_03,빈 껍질,LAW,ore_scatter,흩어지는,wash_03,껍질,LAW,SCATTER|WASH,SCATTER|WASH,씻겨 날아가면 흔적이 없다.,흩어지는 껍질,VANISHING,0,
829,forge__ore_scatter__wash_04,ore_scatter|wash_04,ore_scatter,흩어지는 조각,wash_04,지워진 자국,LAW,ore_scatter,흩어지는,wash_04,자국,LAW,SCATTER|WASH,SCATTER|WASH,씻겨 날아가면 흔적이 없다.,흩어지는 자국,VANISHING,0,
830,forge__ore_scatter__wash_05,ore_scatter|wash_05,ore_scatter,흩어지는 조각,wash_05,가라앉은 앙금,LAW,ore_scatter,흩어지는,wash_05,앙금,LAW,SCATTER|WASH,SCATTER|WASH,씻겨 날아가면 흔적이 없다.,흩어지는 앙금,VANISHING,0,
831,forge__ore_still__ore_wash,ore_still|ore_wash,ore_still,굳은 조각,ore_wash,씻긴 조각,LAW,ore_still,굳은,ore_wash,속살,LAW,STILL|WASH,STILL|WASH,걷어낸 것이 굳으면 결정이 된다.,굳은 속살,CRYSTAL,0,
832,forge__ore_still__rot_01,ore_still|rot_01,ore_still,굳은 조각,rot_01,딱지,LAW,ore_still,굳은,rot_01,딱지,LAW,STILL|ROT,STILL|ROT,무너지는 것을 붙잡으면 굳어 남는다.,굳은 딱지,SCAB,0,
833,forge__ore_still__rot_02,ore_still|rot_02,ore_still,굳은 조각,rot_02,무른 뿌리,LAW,ore_still,굳은,rot_02,뿌리,LAW,STILL|ROT,STILL|ROT,무너지는 것을 붙잡으면 굳어 남는다.,굳은 뿌리,SCAB,0,
834,forge__ore_still__rot_03,ore_still|rot_03,ore_still,굳은 조각,rot_03,곰팡이 꽃,LAW,ore_still,굳은,rot_03,곰팡이,LAW,STILL|ROT,STILL|ROT,무너지는 것을 붙잡으면 굳어 남는다.,굳은 곰팡이,SCAB,0,
835,forge__ore_still__rot_04,ore_still|rot_04,ore_still,굳은 조각,rot_04,번지는 얼룩,LAW,ore_still,굳은,rot_04,얼룩,LAW,STILL|ROT,STILL|ROT,무너지는 것을 붙잡으면 굳어 남는다.,굳은 얼룩,SCAB,0,
836,forge__ore_still__rot_05,ore_still|rot_05,ore_still,굳은 조각,rot_05,내려앉은 냄새,LAW,ore_still,굳은,rot_05,냄새,LAW,STILL|ROT,STILL|ROT,무너지는 것을 붙잡으면 굳어 남는다.,굳은 냄새,SCAB,0,
837,forge__ore_still__scat_01,ore_still|scat_01,ore_still,굳은 조각,scat_01,가벼운 뼈,LAW,ore_still,굳은,scat_01,뼈,LAW,STILL|SCATTER,STILL|SCATTER,달아나려는 것을 붙잡으면 가라앉는다.,굳은 뼈,SETTLING,0,
838,forge__ore_still__scat_02,ore_still|scat_02,ore_still,굳은 조각,scat_02,흩날리는 씨,LAW,ore_still,굳은,scat_02,씨,LAW,STILL|SCATTER,STILL|SCATTER,달아나려는 것을 붙잡으면 가라앉는다.,굳은 씨,SETTLING,0,
839,forge__ore_still__scat_03,ore_still|scat_03,ore_still,굳은 조각,scat_03,벗겨진 껍데기,LAW,ore_still,굳은,scat_03,껍데기,LAW,STILL|SCATTER,STILL|SCATTER,달아나려는 것을 붙잡으면 가라앉는다.,굳은 껍데기,SETTLING,0,
840,forge__ore_still__scat_04,ore_still|scat_04,ore_still,굳은 조각,scat_04,뜬 먼지,LAW,ore_still,굳은,scat_04,먼지,LAW,STILL|SCATTER,STILL|SCATTER,달아나려는 것을 붙잡으면 가라앉는다.,굳은 먼지,SETTLING,0,
841,forge__ore_still__scat_05,ore_still|scat_05,ore_still,굳은 조각,scat_05,마른 바람,LAW,ore_still,굳은,scat_05,바람,LAW,STILL|SCATTER,STILL|SCATTER,달아나려는 것을 붙잡으면 가라앉는다.,굳은 바람,SETTLING,0,
842,forge__ore_still__still_01,ore_still|still_01,ore_still,굳은 조각,still_01,서리꽃,LAW,ore_still,굳은,still_01,서리꽃,LAW,STILL|STILL,STILL|STILL,응결이 겹치면 완전히 멈춘다.,굳은 서리꽃,TOTAL_STOP,0,
843,forge__ore_still__still_02,ore_still|still_02,ore_still,굳은 조각,still_02,멈춘 물방울,LAW,ore_still,굳은,still_02,물방울,LAW,STILL|STILL,STILL|STILL,응결이 겹치면 완전히 멈춘다.,굳은 물방울,TOTAL_STOP,0,
844,forge__ore_still__still_03,ore_still|still_03,ore_still,굳은 조각,still_03,잠긴 발자국,LAW,ore_still,굳은,still_03,발자국,LAW,STILL|STILL,STILL|STILL,응결이 겹치면 완전히 멈춘다.,굳은 발자국,TOTAL_STOP,0,
845,forge__ore_still__still_04,ore_still|still_04,ore_still,굳은 조각,still_04,굳은 숨,LAW,ore_still,굳은,still_04,입김,LAW,STILL|STILL,STILL|STILL,응결이 겹치면 완전히 멈춘다.,굳은 입김,TOTAL_STOP,0,
846,forge__ore_still__still_05,ore_still|still_05,ore_still,굳은 조각,still_05,그친 종소리,LAW,ore_still,굳은,still_05,종소리,LAW,STILL|STILL,STILL|STILL,응결이 겹치면 완전히 멈춘다.,굳은 종소리,TOTAL_STOP,0,
847,forge__ore_still__tool_01,ore_still|tool_01,ore_still,굳은 조각,tool_01,도가니,CATALYST,tool_01,달궈진,ore_still,덩이,RESULT_CLASS,CATALYZED_STILL,,,달궈진 덩이,CATALYZED_STILL,0,
848,forge__ore_still__tool_02,ore_still|tool_02,ore_still,굳은 조각,tool_02,집게,CATALYST,tool_02,집어올린,ore_still,덩이,RESULT_CLASS,CATALYZED_STILL,,,집어올린 덩이,CATALYZED_STILL,0,
849,forge__ore_still__tool_03,ore_still|tool_03,ore_still,굳은 조각,tool_03,체,CATALYST,tool_03,걸러진,ore_still,덩이,RESULT_CLASS,CATALYZED_STILL,,,걸러진 덩이,CATALYZED_STILL,0,
850,forge__ore_still__tool_04,ore_still|tool_04,ore_still,굳은 조각,tool_04,등불,CATALYST,tool_04,밝혀진,ore_still,덩이,RESULT_CLASS,CATALYZED_STILL,,,밝혀진 덩이,CATALYZED_STILL,0,
851,forge__ore_still__tool_05,ore_still|tool_05,ore_still,굳은 조각,tool_05,계측기,CATALYST,tool_05,재어진,ore_still,덩이,RESULT_CLASS,CATALYZED_STILL,,,재어진 덩이,CATALYZED_STILL,0,
852,forge__ore_still__tool_06,ore_still|tool_06,ore_still,굳은 조각,tool_06,풀무,CATALYST,tool_06,불어넣은,ore_still,덩이,RESULT_CLASS,CATALYZED_STILL,,,불어넣은 덩이,CATALYZED_STILL,0,
853,forge__ore_still__tool_07,ore_still|tool_07,ore_still,굳은 조각,tool_07,저울,CATALYST,tool_07,달아본,ore_still,덩이,RESULT_CLASS,CATALYZED_STILL,,,달아본 덩이,CATALYZED_STILL,0,
854,forge__ore_still__tool_08,ore_still|tool_08,ore_still,굳은 조각,tool_08,표본 상자,CATALYST,tool_08,갈무리한,ore_still,덩이,RESULT_CLASS,CATALYZED_STILL,,,갈무리한 덩이,CATALYZED_STILL,0,
855,forge__ore_still__tool_09,ore_still|tool_09,ore_still,굳은 조각,tool_09,갱도 지도,CATALYST,tool_09,그려진,ore_still,덩이,RESULT_CLASS,CATALYZED_STILL,,,그려진 덩이,CATALYZED_STILL,0,
856,forge__ore_still__tool_10,ore_still|tool_10,ore_still,굳은 조각,tool_10,손수레,CATALYST,tool_10,실려온,ore_still,덩이,RESULT_CLASS,CATALYZED_STILL,,,실려온 덩이,CATALYZED_STILL,0,
857,forge__ore_still__wash_01,ore_still|wash_01,ore_still,굳은 조각,wash_01,맑은 눈물,LAW,ore_still,굳은,wash_01,눈물,LAW,STILL|WASH,STILL|WASH,걷어낸 것이 굳으면 결정이 된다.,굳은 눈물,CRYSTAL,0,
858,forge__ore_still__wash_02,ore_still|wash_02,ore_still,굳은 조각,wash_02,닳은 돌,LAW,ore_still,굳은,wash_02,돌,LAW,STILL|WASH,STILL|WASH,걷어낸 것이 굳으면 결정이 된다.,굳은 돌,CRYSTAL,0,
859,forge__ore_still__wash_03,ore_still|wash_03,ore_still,굳은 조각,wash_03,빈 껍질,LAW,ore_still,굳은,wash_03,껍질,LAW,STILL|WASH,STILL|WASH,걷어낸 것이 굳으면 결정이 된다.,굳은 껍질,CRYSTAL,0,
860,forge__ore_still__wash_04,ore_still|wash_04,ore_still,굳은 조각,wash_04,지워진 자국,LAW,ore_still,굳은,wash_04,자국,LAW,STILL|WASH,STILL|WASH,걷어낸 것이 굳으면 결정이 된다.,굳은 자국,CRYSTAL,0,
861,forge__ore_still__wash_05,ore_still|wash_05,ore_still,굳은 조각,wash_05,가라앉은 앙금,LAW,ore_still,굳은,wash_05,앙금,LAW,STILL|WASH,STILL|WASH,걷어낸 것이 굳으면 결정이 된다.,굳은 앙금,CRYSTAL,0,
862,forge__ore_wash__rot_01,ore_wash|rot_01,ore_wash,씻긴 조각,rot_01,딱지,LAW,rot_01,앉은,ore_wash,속살,LAW,ROT|WASH,ROT|WASH,무너뜨림과 걷어냄은 서로를 지운다.,앉은 속살,NEUTRALIZED,0,
863,forge__ore_wash__rot_02,ore_wash|rot_02,ore_wash,씻긴 조각,rot_02,무른 뿌리,LAW,rot_02,무른,ore_wash,속살,LAW,ROT|WASH,ROT|WASH,무너뜨림과 걷어냄은 서로를 지운다.,무른 속살,NEUTRALIZED,0,
864,forge__ore_wash__rot_03,ore_wash|rot_03,ore_wash,씻긴 조각,rot_03,곰팡이 꽃,LAW,rot_03,핀,ore_wash,속살,LAW,ROT|WASH,ROT|WASH,무너뜨림과 걷어냄은 서로를 지운다.,핀 속살,NEUTRALIZED,0,
865,forge__ore_wash__rot_04,ore_wash|rot_04,ore_wash,씻긴 조각,rot_04,번지는 얼룩,LAW,rot_04,번지는,ore_wash,속살,LAW,ROT|WASH,ROT|WASH,무너뜨림과 걷어냄은 서로를 지운다.,번지는 속살,NEUTRALIZED,0,
866,forge__ore_wash__rot_05,ore_wash|rot_05,ore_wash,씻긴 조각,rot_05,내려앉은 냄새,LAW,rot_05,내려앉은,ore_wash,속살,LAW,ROT|WASH,ROT|WASH,무너뜨림과 걷어냄은 서로를 지운다.,내려앉은 속살,NEUTRALIZED,0,
867,forge__ore_wash__scat_01,ore_wash|scat_01,ore_wash,씻긴 조각,scat_01,가벼운 뼈,LAW,scat_01,가벼운,ore_wash,속살,LAW,SCATTER|WASH,SCATTER|WASH,씻겨 날아가면 흔적이 없다.,가벼운 속살,VANISHING,0,
868,forge__ore_wash__scat_02,ore_wash|scat_02,ore_wash,씻긴 조각,scat_02,흩날리는 씨,LAW,scat_02,흩날리는,ore_wash,속살,LAW,SCATTER|WASH,SCATTER|WASH,씻겨 날아가면 흔적이 없다.,흩날리는 속살,VANISHING,0,
869,forge__ore_wash__scat_03,ore_wash|scat_03,ore_wash,씻긴 조각,scat_03,벗겨진 껍데기,LAW,scat_03,벗겨진,ore_wash,속살,LAW,SCATTER|WASH,SCATTER|WASH,씻겨 날아가면 흔적이 없다.,벗겨진 속살,VANISHING,0,
870,forge__ore_wash__scat_04,ore_wash|scat_04,ore_wash,씻긴 조각,scat_04,뜬 먼지,LAW,scat_04,뜬,ore_wash,속살,LAW,SCATTER|WASH,SCATTER|WASH,씻겨 날아가면 흔적이 없다.,뜬 속살,VANISHING,0,
871,forge__ore_wash__scat_05,ore_wash|scat_05,ore_wash,씻긴 조각,scat_05,마른 바람,LAW,scat_05,마른,ore_wash,속살,LAW,SCATTER|WASH,SCATTER|WASH,씻겨 날아가면 흔적이 없다.,마른 속살,VANISHING,0,
872,forge__ore_wash__still_01,ore_wash|still_01,ore_wash,씻긴 조각,still_01,서리꽃,LAW,still_01,서리 낀,ore_wash,속살,LAW,STILL|WASH,STILL|WASH,걷어낸 것이 굳으면 결정이 된다.,서리 낀 속살,CRYSTAL,0,
873,forge__ore_wash__still_02,ore_wash|still_02,ore_wash,씻긴 조각,still_02,멈춘 물방울,LAW,still_02,멈춘,ore_wash,속살,LAW,STILL|WASH,STILL|WASH,걷어낸 것이 굳으면 결정이 된다.,멈춘 속살,CRYSTAL,0,
874,forge__ore_wash__still_03,ore_wash|still_03,ore_wash,씻긴 조각,still_03,잠긴 발자국,LAW,still_03,잠긴,ore_wash,속살,LAW,STILL|WASH,STILL|WASH,걷어낸 것이 굳으면 결정이 된다.,잠긴 속살,CRYSTAL,0,
875,forge__ore_wash__still_04,ore_wash|still_04,ore_wash,씻긴 조각,still_04,굳은 숨,LAW,still_04,숨 멎은,ore_wash,속살,LAW,STILL|WASH,STILL|WASH,걷어낸 것이 굳으면 결정이 된다.,숨 멎은 속살,CRYSTAL,0,
876,forge__ore_wash__still_05,ore_wash|still_05,ore_wash,씻긴 조각,still_05,그친 종소리,LAW,still_05,그친,ore_wash,속살,LAW,STILL|WASH,STILL|WASH,걷어낸 것이 굳으면 결정이 된다.,그친 속살,CRYSTAL,0,
877,forge__ore_wash__tool_01,ore_wash|tool_01,ore_wash,씻긴 조각,tool_01,도가니,CATALYST,tool_01,달궈진,ore_wash,속살,RESULT_CLASS,CATALYZED_WASH,,,달궈진 속살,CATALYZED_WASH,0,
878,forge__ore_wash__tool_02,ore_wash|tool_02,ore_wash,씻긴 조각,tool_02,집게,CATALYST,tool_02,집어올린,ore_wash,속살,RESULT_CLASS,CATALYZED_WASH,,,집어올린 속살,CATALYZED_WASH,0,
879,forge__ore_wash__tool_03,ore_wash|tool_03,ore_wash,씻긴 조각,tool_03,체,CATALYST,tool_03,걸러진,ore_wash,속살,RESULT_CLASS,CATALYZED_WASH,,,걸러진 속살,CATALYZED_WASH,0,
880,forge__ore_wash__tool_04,ore_wash|tool_04,ore_wash,씻긴 조각,tool_04,등불,CATALYST,tool_04,밝혀진,ore_wash,속살,RESULT_CLASS,CATALYZED_WASH,,,밝혀진 속살,CATALYZED_WASH,0,
881,forge__ore_wash__tool_05,ore_wash|tool_05,ore_wash,씻긴 조각,tool_05,계측기,CATALYST,tool_05,재어진,ore_wash,속살,RESULT_CLASS,CATALYZED_WASH,,,재어진 속살,CATALYZED_WASH,0,
882,forge__ore_wash__tool_06,ore_wash|tool_06,ore_wash,씻긴 조각,tool_06,풀무,CATALYST,tool_06,불어넣은,ore_wash,속살,RESULT_CLASS,CATALYZED_WASH,,,불어넣은 속살,CATALYZED_WASH,0,
883,forge__ore_wash__tool_07,ore_wash|tool_07,ore_wash,씻긴 조각,tool_07,저울,CATALYST,tool_07,달아본,ore_wash,속살,RESULT_CLASS,CATALYZED_WASH,,,달아본 속살,CATALYZED_WASH,0,
884,forge__ore_wash__tool_08,ore_wash|tool_08,ore_wash,씻긴 조각,tool_08,표본 상자,CATALYST,tool_08,갈무리한,ore_wash,속살,RESULT_CLASS,CATALYZED_WASH,,,갈무리한 속살,CATALYZED_WASH,0,
885,forge__ore_wash__tool_09,ore_wash|tool_09,ore_wash,씻긴 조각,tool_09,갱도 지도,CATALYST,tool_09,그려진,ore_wash,속살,RESULT_CLASS,CATALYZED_WASH,,,그려진 속살,CATALYZED_WASH,0,
886,forge__ore_wash__tool_10,ore_wash|tool_10,ore_wash,씻긴 조각,tool_10,손수레,CATALYST,tool_10,실려온,ore_wash,속살,RESULT_CLASS,CATALYZED_WASH,,,실려온 속살,CATALYZED_WASH,0,
887,forge__ore_wash__wash_01,ore_wash|wash_01,ore_wash,씻긴 조각,wash_01,맑은 눈물,LAW,ore_wash,씻긴,wash_01,눈물,LAW,WASH|WASH,WASH|WASH,정화가 겹치면 모든 상태가 비워진다.,씻긴 눈물,EMPTIED,0,
888,forge__ore_wash__wash_02,ore_wash|wash_02,ore_wash,씻긴 조각,wash_02,닳은 돌,LAW,ore_wash,씻긴,wash_02,돌,LAW,WASH|WASH,WASH|WASH,정화가 겹치면 모든 상태가 비워진다.,씻긴 돌,EMPTIED,0,
889,forge__ore_wash__wash_03,ore_wash|wash_03,ore_wash,씻긴 조각,wash_03,빈 껍질,LAW,ore_wash,씻긴,wash_03,껍질,LAW,WASH|WASH,WASH|WASH,정화가 겹치면 모든 상태가 비워진다.,씻긴 껍질,EMPTIED,0,
890,forge__ore_wash__wash_04,ore_wash|wash_04,ore_wash,씻긴 조각,wash_04,지워진 자국,LAW,ore_wash,씻긴,wash_04,자국,LAW,WASH|WASH,WASH|WASH,정화가 겹치면 모든 상태가 비워진다.,씻긴 자국,EMPTIED,0,
891,forge__ore_wash__wash_05,ore_wash|wash_05,ore_wash,씻긴 조각,wash_05,가라앉은 앙금,LAW,ore_wash,씻긴,wash_05,앙금,LAW,WASH|WASH,WASH|WASH,정화가 겹치면 모든 상태가 비워진다.,씻긴 앙금,EMPTIED,0,
892,forge__rot_01__rot_02,rot_01|rot_02,rot_01,딱지,rot_02,무른 뿌리,LAW,rot_01,앉은,rot_02,뿌리,LAW,ROT|ROT,ROT|ROT,부패가 겹치면 스스로를 먹는다.,앉은 뿌리,SELF_EATING,0,
893,forge__rot_01__rot_03,rot_01|rot_03,rot_01,딱지,rot_03,곰팡이 꽃,LAW,rot_01,앉은,rot_03,곰팡이,LAW,ROT|ROT,ROT|ROT,부패가 겹치면 스스로를 먹는다.,앉은 곰팡이,SELF_EATING,0,
894,forge__rot_01__rot_04,rot_01|rot_04,rot_01,딱지,rot_04,번지는 얼룩,LAW,rot_01,앉은,rot_04,얼룩,LAW,ROT|ROT,ROT|ROT,부패가 겹치면 스스로를 먹는다.,앉은 얼룩,SELF_EATING,0,
895,forge__rot_01__rot_05,rot_01|rot_05,rot_01,딱지,rot_05,내려앉은 냄새,LAW,rot_01,앉은,rot_05,냄새,LAW,ROT|ROT,ROT|ROT,부패가 겹치면 스스로를 먹는다.,앉은 냄새,SELF_EATING,0,
896,forge__rot_01__scat_01,rot_01|scat_01,rot_01,딱지,scat_01,가벼운 뼈,LAW,scat_01,가벼운,rot_01,딱지,LAW,SCATTER|ROT,SCATTER|ROT,흩어지며 무너지면 번진다.,가벼운 딱지,SPREADING,0,
897,forge__rot_01__scat_02,rot_01|scat_02,rot_01,딱지,scat_02,흩날리는 씨,LAW,scat_02,흩날리는,rot_01,딱지,LAW,SCATTER|ROT,SCATTER|ROT,흩어지며 무너지면 번진다.,흩날리는 딱지,SPREADING,0,
898,forge__rot_01__scat_03,rot_01|scat_03,rot_01,딱지,scat_03,벗겨진 껍데기,LAW,scat_03,벗겨진,rot_01,딱지,LAW,SCATTER|ROT,SCATTER|ROT,흩어지며 무너지면 번진다.,벗겨진 딱지,SPREADING,0,
899,forge__rot_01__scat_04,rot_01|scat_04,rot_01,딱지,scat_04,뜬 먼지,LAW,scat_04,뜬,rot_01,딱지,LAW,SCATTER|ROT,SCATTER|ROT,흩어지며 무너지면 번진다.,뜬 딱지,SPREADING,0,
900,forge__rot_01__scat_05,rot_01|scat_05,rot_01,딱지,scat_05,마른 바람,LAW,scat_05,마른,rot_01,딱지,LAW,SCATTER|ROT,SCATTER|ROT,흩어지며 무너지면 번진다.,마른 딱지,SPREADING,0,
901,forge__rot_01__still_01,rot_01|still_01,rot_01,딱지,still_01,서리꽃,LAW,still_01,서리 낀,rot_01,딱지,LAW,STILL|ROT,STILL|ROT,무너지는 것을 붙잡으면 굳어 남는다.,서리 낀 딱지,SCAB,0,
902,forge__rot_01__still_02,rot_01|still_02,rot_01,딱지,still_02,멈춘 물방울,LAW,still_02,멈춘,rot_01,딱지,LAW,STILL|ROT,STILL|ROT,무너지는 것을 붙잡으면 굳어 남는다.,멈춘 딱지,SCAB,0,
903,forge__rot_01__still_03,rot_01|still_03,rot_01,딱지,still_03,잠긴 발자국,LAW,still_03,잠긴,rot_01,딱지,LAW,STILL|ROT,STILL|ROT,무너지는 것을 붙잡으면 굳어 남는다.,잠긴 딱지,SCAB,0,
904,forge__rot_01__still_04,rot_01|still_04,rot_01,딱지,still_04,굳은 숨,LAW,still_04,숨 멎은,rot_01,딱지,LAW,STILL|ROT,STILL|ROT,무너지는 것을 붙잡으면 굳어 남는다.,숨 멎은 딱지,SCAB,0,
905,forge__rot_01__still_05,rot_01|still_05,rot_01,딱지,still_05,그친 종소리,LAW,still_05,그친,rot_01,딱지,LAW,STILL|ROT,STILL|ROT,무너지는 것을 붙잡으면 굳어 남는다.,그친 딱지,SCAB,0,
906,forge__rot_01__tool_01,rot_01|tool_01,rot_01,딱지,tool_01,도가니,CATALYST,tool_01,달궈진,rot_01,딱지,RESULT_CLASS,CATALYZED_ROT,,,달궈진 딱지,CATALYZED_ROT,0,
907,forge__rot_01__tool_02,rot_01|tool_02,rot_01,딱지,tool_02,집게,CATALYST,tool_02,집어올린,rot_01,딱지,RESULT_CLASS,CATALYZED_ROT,,,집어올린 딱지,CATALYZED_ROT,0,
908,forge__rot_01__tool_03,rot_01|tool_03,rot_01,딱지,tool_03,체,CATALYST,tool_03,걸러진,rot_01,딱지,RESULT_CLASS,CATALYZED_ROT,,,걸러진 딱지,CATALYZED_ROT,0,
909,forge__rot_01__tool_04,rot_01|tool_04,rot_01,딱지,tool_04,등불,CATALYST,tool_04,밝혀진,rot_01,딱지,RESULT_CLASS,CATALYZED_ROT,,,밝혀진 딱지,CATALYZED_ROT,0,
910,forge__rot_01__tool_05,rot_01|tool_05,rot_01,딱지,tool_05,계측기,CATALYST,tool_05,재어진,rot_01,딱지,RESULT_CLASS,CATALYZED_ROT,,,재어진 딱지,CATALYZED_ROT,0,
911,forge__rot_01__tool_06,rot_01|tool_06,rot_01,딱지,tool_06,풀무,CATALYST,tool_06,불어넣은,rot_01,딱지,RESULT_CLASS,CATALYZED_ROT,,,불어넣은 딱지,CATALYZED_ROT,0,
912,forge__rot_01__tool_07,rot_01|tool_07,rot_01,딱지,tool_07,저울,CATALYST,tool_07,달아본,rot_01,딱지,RESULT_CLASS,CATALYZED_ROT,,,달아본 딱지,CATALYZED_ROT,0,
913,forge__rot_01__tool_08,rot_01|tool_08,rot_01,딱지,tool_08,표본 상자,CATALYST,tool_08,갈무리한,rot_01,딱지,RESULT_CLASS,CATALYZED_ROT,,,갈무리한 딱지,CATALYZED_ROT,0,
914,forge__rot_01__tool_09,rot_01|tool_09,rot_01,딱지,tool_09,갱도 지도,CATALYST,tool_09,그려진,rot_01,딱지,RESULT_CLASS,CATALYZED_ROT,,,그려진 딱지,CATALYZED_ROT,0,
915,forge__rot_01__tool_10,rot_01|tool_10,rot_01,딱지,tool_10,손수레,CATALYST,tool_10,실려온,rot_01,딱지,RESULT_CLASS,CATALYZED_ROT,,,실려온 딱지,CATALYZED_ROT,0,
916,forge__rot_01__wash_01,rot_01|wash_01,rot_01,딱지,wash_01,맑은 눈물,LAW,rot_01,앉은,wash_01,눈물,LAW,ROT|WASH,ROT|WASH,무너뜨림과 걷어냄은 서로를 지운다.,앉은 눈물,NEUTRALIZED,0,
917,forge__rot_01__wash_02,rot_01|wash_02,rot_01,딱지,wash_02,닳은 돌,LAW,rot_01,앉은,wash_02,돌,LAW,ROT|WASH,ROT|WASH,무너뜨림과 걷어냄은 서로를 지운다.,앉은 돌,NEUTRALIZED,0,
918,forge__rot_01__wash_03,rot_01|wash_03,rot_01,딱지,wash_03,빈 껍질,LAW,rot_01,앉은,wash_03,껍질,LAW,ROT|WASH,ROT|WASH,무너뜨림과 걷어냄은 서로를 지운다.,앉은 껍질,NEUTRALIZED,0,
919,forge__rot_01__wash_04,rot_01|wash_04,rot_01,딱지,wash_04,지워진 자국,LAW,rot_01,앉은,wash_04,자국,LAW,ROT|WASH,ROT|WASH,무너뜨림과 걷어냄은 서로를 지운다.,앉은 자국,NEUTRALIZED,0,
920,forge__rot_01__wash_05,rot_01|wash_05,rot_01,딱지,wash_05,가라앉은 앙금,LAW,rot_01,앉은,wash_05,앙금,LAW,ROT|WASH,ROT|WASH,무너뜨림과 걷어냄은 서로를 지운다.,앉은 앙금,NEUTRALIZED,0,
921,forge__rot_02__rot_03,rot_02|rot_03,rot_02,무른 뿌리,rot_03,곰팡이 꽃,LAW,rot_02,무른,rot_03,곰팡이,LAW,ROT|ROT,ROT|ROT,부패가 겹치면 스스로를 먹는다.,무른 곰팡이,SELF_EATING,0,
922,forge__rot_02__rot_04,rot_02|rot_04,rot_02,무른 뿌리,rot_04,번지는 얼룩,LAW,rot_02,무른,rot_04,얼룩,LAW,ROT|ROT,ROT|ROT,부패가 겹치면 스스로를 먹는다.,무른 얼룩,SELF_EATING,0,
923,forge__rot_02__rot_05,rot_02|rot_05,rot_02,무른 뿌리,rot_05,내려앉은 냄새,LAW,rot_02,무른,rot_05,냄새,LAW,ROT|ROT,ROT|ROT,부패가 겹치면 스스로를 먹는다.,무른 냄새,SELF_EATING,0,
924,forge__rot_02__scat_01,rot_02|scat_01,rot_02,무른 뿌리,scat_01,가벼운 뼈,LAW,scat_01,가벼운,rot_02,뿌리,LAW,SCATTER|ROT,SCATTER|ROT,흩어지며 무너지면 번진다.,가벼운 뿌리,SPREADING,0,
925,forge__rot_02__scat_02,rot_02|scat_02,rot_02,무른 뿌리,scat_02,흩날리는 씨,LAW,scat_02,흩날리는,rot_02,뿌리,LAW,SCATTER|ROT,SCATTER|ROT,흩어지며 무너지면 번진다.,흩날리는 뿌리,SPREADING,0,
926,forge__rot_02__scat_03,rot_02|scat_03,rot_02,무른 뿌리,scat_03,벗겨진 껍데기,LAW,scat_03,벗겨진,rot_02,뿌리,LAW,SCATTER|ROT,SCATTER|ROT,흩어지며 무너지면 번진다.,벗겨진 뿌리,SPREADING,0,
927,forge__rot_02__scat_04,rot_02|scat_04,rot_02,무른 뿌리,scat_04,뜬 먼지,LAW,scat_04,뜬,rot_02,뿌리,LAW,SCATTER|ROT,SCATTER|ROT,흩어지며 무너지면 번진다.,뜬 뿌리,SPREADING,0,
928,forge__rot_02__scat_05,rot_02|scat_05,rot_02,무른 뿌리,scat_05,마른 바람,LAW,scat_05,마른,rot_02,뿌리,LAW,SCATTER|ROT,SCATTER|ROT,흩어지며 무너지면 번진다.,마른 뿌리,SPREADING,0,
929,forge__rot_02__still_01,rot_02|still_01,rot_02,무른 뿌리,still_01,서리꽃,LAW,still_01,서리 낀,rot_02,뿌리,LAW,STILL|ROT,STILL|ROT,무너지는 것을 붙잡으면 굳어 남는다.,서리 낀 뿌리,SCAB,0,
930,forge__rot_02__still_02,rot_02|still_02,rot_02,무른 뿌리,still_02,멈춘 물방울,LAW,still_02,멈춘,rot_02,뿌리,LAW,STILL|ROT,STILL|ROT,무너지는 것을 붙잡으면 굳어 남는다.,멈춘 뿌리,SCAB,0,
931,forge__rot_02__still_03,rot_02|still_03,rot_02,무른 뿌리,still_03,잠긴 발자국,LAW,still_03,잠긴,rot_02,뿌리,LAW,STILL|ROT,STILL|ROT,무너지는 것을 붙잡으면 굳어 남는다.,잠긴 뿌리,SCAB,0,
932,forge__rot_02__still_04,rot_02|still_04,rot_02,무른 뿌리,still_04,굳은 숨,LAW,still_04,숨 멎은,rot_02,뿌리,LAW,STILL|ROT,STILL|ROT,무너지는 것을 붙잡으면 굳어 남는다.,숨 멎은 뿌리,SCAB,0,
933,forge__rot_02__still_05,rot_02|still_05,rot_02,무른 뿌리,still_05,그친 종소리,LAW,still_05,그친,rot_02,뿌리,LAW,STILL|ROT,STILL|ROT,무너지는 것을 붙잡으면 굳어 남는다.,그친 뿌리,SCAB,0,
934,forge__rot_02__tool_01,rot_02|tool_01,rot_02,무른 뿌리,tool_01,도가니,CATALYST,tool_01,달궈진,rot_02,뿌리,RESULT_CLASS,CATALYZED_ROT,,,달궈진 뿌리,CATALYZED_ROT,0,
935,forge__rot_02__tool_02,rot_02|tool_02,rot_02,무른 뿌리,tool_02,집게,CATALYST,tool_02,집어올린,rot_02,뿌리,RESULT_CLASS,CATALYZED_ROT,,,집어올린 뿌리,CATALYZED_ROT,0,
936,forge__rot_02__tool_03,rot_02|tool_03,rot_02,무른 뿌리,tool_03,체,CATALYST,tool_03,걸러진,rot_02,뿌리,RESULT_CLASS,CATALYZED_ROT,,,걸러진 뿌리,CATALYZED_ROT,0,
937,forge__rot_02__tool_04,rot_02|tool_04,rot_02,무른 뿌리,tool_04,등불,CATALYST,tool_04,밝혀진,rot_02,뿌리,RESULT_CLASS,CATALYZED_ROT,,,밝혀진 뿌리,CATALYZED_ROT,0,
938,forge__rot_02__tool_05,rot_02|tool_05,rot_02,무른 뿌리,tool_05,계측기,CATALYST,tool_05,재어진,rot_02,뿌리,RESULT_CLASS,CATALYZED_ROT,,,재어진 뿌리,CATALYZED_ROT,0,
939,forge__rot_02__tool_06,rot_02|tool_06,rot_02,무른 뿌리,tool_06,풀무,CATALYST,tool_06,불어넣은,rot_02,뿌리,RESULT_CLASS,CATALYZED_ROT,,,불어넣은 뿌리,CATALYZED_ROT,0,
940,forge__rot_02__tool_07,rot_02|tool_07,rot_02,무른 뿌리,tool_07,저울,CATALYST,tool_07,달아본,rot_02,뿌리,RESULT_CLASS,CATALYZED_ROT,,,달아본 뿌리,CATALYZED_ROT,0,
941,forge__rot_02__tool_08,rot_02|tool_08,rot_02,무른 뿌리,tool_08,표본 상자,CATALYST,tool_08,갈무리한,rot_02,뿌리,RESULT_CLASS,CATALYZED_ROT,,,갈무리한 뿌리,CATALYZED_ROT,0,
942,forge__rot_02__tool_09,rot_02|tool_09,rot_02,무른 뿌리,tool_09,갱도 지도,CATALYST,tool_09,그려진,rot_02,뿌리,RESULT_CLASS,CATALYZED_ROT,,,그려진 뿌리,CATALYZED_ROT,0,
943,forge__rot_02__tool_10,rot_02|tool_10,rot_02,무른 뿌리,tool_10,손수레,CATALYST,tool_10,실려온,rot_02,뿌리,RESULT_CLASS,CATALYZED_ROT,,,실려온 뿌리,CATALYZED_ROT,0,
944,forge__rot_02__wash_01,rot_02|wash_01,rot_02,무른 뿌리,wash_01,맑은 눈물,LAW,rot_02,무른,wash_01,눈물,LAW,ROT|WASH,ROT|WASH,무너뜨림과 걷어냄은 서로를 지운다.,무른 눈물,NEUTRALIZED,0,
945,forge__rot_02__wash_02,rot_02|wash_02,rot_02,무른 뿌리,wash_02,닳은 돌,LAW,rot_02,무른,wash_02,돌,LAW,ROT|WASH,ROT|WASH,무너뜨림과 걷어냄은 서로를 지운다.,무른 돌,NEUTRALIZED,0,
946,forge__rot_02__wash_03,rot_02|wash_03,rot_02,무른 뿌리,wash_03,빈 껍질,LAW,rot_02,무른,wash_03,껍질,LAW,ROT|WASH,ROT|WASH,무너뜨림과 걷어냄은 서로를 지운다.,무른 껍질,NEUTRALIZED,0,
947,forge__rot_02__wash_04,rot_02|wash_04,rot_02,무른 뿌리,wash_04,지워진 자국,LAW,rot_02,무른,wash_04,자국,LAW,ROT|WASH,ROT|WASH,무너뜨림과 걷어냄은 서로를 지운다.,무른 자국,NEUTRALIZED,0,
948,forge__rot_02__wash_05,rot_02|wash_05,rot_02,무른 뿌리,wash_05,가라앉은 앙금,LAW,rot_02,무른,wash_05,앙금,LAW,ROT|WASH,ROT|WASH,무너뜨림과 걷어냄은 서로를 지운다.,무른 앙금,NEUTRALIZED,0,
949,forge__rot_03__rot_04,rot_03|rot_04,rot_03,곰팡이 꽃,rot_04,번지는 얼룩,LAW,rot_03,핀,rot_04,얼룩,LAW,ROT|ROT,ROT|ROT,부패가 겹치면 스스로를 먹는다.,핀 얼룩,SELF_EATING,0,
950,forge__rot_03__rot_05,rot_03|rot_05,rot_03,곰팡이 꽃,rot_05,내려앉은 냄새,LAW,rot_03,핀,rot_05,냄새,LAW,ROT|ROT,ROT|ROT,부패가 겹치면 스스로를 먹는다.,핀 냄새,SELF_EATING,0,
951,forge__rot_03__scat_01,rot_03|scat_01,rot_03,곰팡이 꽃,scat_01,가벼운 뼈,LAW,scat_01,가벼운,rot_03,곰팡이,LAW,SCATTER|ROT,SCATTER|ROT,흩어지며 무너지면 번진다.,가벼운 곰팡이,SPREADING,0,
952,forge__rot_03__scat_02,rot_03|scat_02,rot_03,곰팡이 꽃,scat_02,흩날리는 씨,LAW,scat_02,흩날리는,rot_03,곰팡이,LAW,SCATTER|ROT,SCATTER|ROT,흩어지며 무너지면 번진다.,흩날리는 곰팡이,SPREADING,0,
953,forge__rot_03__scat_03,rot_03|scat_03,rot_03,곰팡이 꽃,scat_03,벗겨진 껍데기,LAW,scat_03,벗겨진,rot_03,곰팡이,LAW,SCATTER|ROT,SCATTER|ROT,흩어지며 무너지면 번진다.,벗겨진 곰팡이,SPREADING,0,
954,forge__rot_03__scat_04,rot_03|scat_04,rot_03,곰팡이 꽃,scat_04,뜬 먼지,LAW,scat_04,뜬,rot_03,곰팡이,LAW,SCATTER|ROT,SCATTER|ROT,흩어지며 무너지면 번진다.,뜬 곰팡이,SPREADING,0,
955,forge__rot_03__scat_05,rot_03|scat_05,rot_03,곰팡이 꽃,scat_05,마른 바람,LAW,scat_05,마른,rot_03,곰팡이,LAW,SCATTER|ROT,SCATTER|ROT,흩어지며 무너지면 번진다.,마른 곰팡이,SPREADING,0,
956,forge__rot_03__still_01,rot_03|still_01,rot_03,곰팡이 꽃,still_01,서리꽃,LAW,still_01,서리 낀,rot_03,곰팡이,LAW,STILL|ROT,STILL|ROT,무너지는 것을 붙잡으면 굳어 남는다.,서리 낀 곰팡이,SCAB,0,
957,forge__rot_03__still_02,rot_03|still_02,rot_03,곰팡이 꽃,still_02,멈춘 물방울,LAW,still_02,멈춘,rot_03,곰팡이,LAW,STILL|ROT,STILL|ROT,무너지는 것을 붙잡으면 굳어 남는다.,멈춘 곰팡이,SCAB,0,
958,forge__rot_03__still_03,rot_03|still_03,rot_03,곰팡이 꽃,still_03,잠긴 발자국,LAW,still_03,잠긴,rot_03,곰팡이,LAW,STILL|ROT,STILL|ROT,무너지는 것을 붙잡으면 굳어 남는다.,잠긴 곰팡이,SCAB,0,
959,forge__rot_03__still_04,rot_03|still_04,rot_03,곰팡이 꽃,still_04,굳은 숨,LAW,still_04,숨 멎은,rot_03,곰팡이,LAW,STILL|ROT,STILL|ROT,무너지는 것을 붙잡으면 굳어 남는다.,숨 멎은 곰팡이,SCAB,0,
960,forge__rot_03__still_05,rot_03|still_05,rot_03,곰팡이 꽃,still_05,그친 종소리,LAW,still_05,그친,rot_03,곰팡이,LAW,STILL|ROT,STILL|ROT,무너지는 것을 붙잡으면 굳어 남는다.,그친 곰팡이,SCAB,0,
961,forge__rot_03__tool_01,rot_03|tool_01,rot_03,곰팡이 꽃,tool_01,도가니,CATALYST,tool_01,달궈진,rot_03,곰팡이,RESULT_CLASS,CATALYZED_ROT,,,달궈진 곰팡이,CATALYZED_ROT,0,
962,forge__rot_03__tool_02,rot_03|tool_02,rot_03,곰팡이 꽃,tool_02,집게,CATALYST,tool_02,집어올린,rot_03,곰팡이,RESULT_CLASS,CATALYZED_ROT,,,집어올린 곰팡이,CATALYZED_ROT,0,
963,forge__rot_03__tool_03,rot_03|tool_03,rot_03,곰팡이 꽃,tool_03,체,CATALYST,tool_03,걸러진,rot_03,곰팡이,RESULT_CLASS,CATALYZED_ROT,,,걸러진 곰팡이,CATALYZED_ROT,0,
964,forge__rot_03__tool_04,rot_03|tool_04,rot_03,곰팡이 꽃,tool_04,등불,CATALYST,tool_04,밝혀진,rot_03,곰팡이,RESULT_CLASS,CATALYZED_ROT,,,밝혀진 곰팡이,CATALYZED_ROT,0,
965,forge__rot_03__tool_05,rot_03|tool_05,rot_03,곰팡이 꽃,tool_05,계측기,CATALYST,tool_05,재어진,rot_03,곰팡이,RESULT_CLASS,CATALYZED_ROT,,,재어진 곰팡이,CATALYZED_ROT,0,
966,forge__rot_03__tool_06,rot_03|tool_06,rot_03,곰팡이 꽃,tool_06,풀무,CATALYST,tool_06,불어넣은,rot_03,곰팡이,RESULT_CLASS,CATALYZED_ROT,,,불어넣은 곰팡이,CATALYZED_ROT,0,
967,forge__rot_03__tool_07,rot_03|tool_07,rot_03,곰팡이 꽃,tool_07,저울,CATALYST,tool_07,달아본,rot_03,곰팡이,RESULT_CLASS,CATALYZED_ROT,,,달아본 곰팡이,CATALYZED_ROT,0,
968,forge__rot_03__tool_08,rot_03|tool_08,rot_03,곰팡이 꽃,tool_08,표본 상자,CATALYST,tool_08,갈무리한,rot_03,곰팡이,RESULT_CLASS,CATALYZED_ROT,,,갈무리한 곰팡이,CATALYZED_ROT,0,
969,forge__rot_03__tool_09,rot_03|tool_09,rot_03,곰팡이 꽃,tool_09,갱도 지도,CATALYST,tool_09,그려진,rot_03,곰팡이,RESULT_CLASS,CATALYZED_ROT,,,그려진 곰팡이,CATALYZED_ROT,0,
970,forge__rot_03__tool_10,rot_03|tool_10,rot_03,곰팡이 꽃,tool_10,손수레,CATALYST,tool_10,실려온,rot_03,곰팡이,RESULT_CLASS,CATALYZED_ROT,,,실려온 곰팡이,CATALYZED_ROT,0,
971,forge__rot_03__wash_01,rot_03|wash_01,rot_03,곰팡이 꽃,wash_01,맑은 눈물,LAW,rot_03,핀,wash_01,눈물,LAW,ROT|WASH,ROT|WASH,무너뜨림과 걷어냄은 서로를 지운다.,핀 눈물,NEUTRALIZED,0,
972,forge__rot_03__wash_02,rot_03|wash_02,rot_03,곰팡이 꽃,wash_02,닳은 돌,LAW,rot_03,핀,wash_02,돌,LAW,ROT|WASH,ROT|WASH,무너뜨림과 걷어냄은 서로를 지운다.,핀 돌,NEUTRALIZED,0,
973,forge__rot_03__wash_03,rot_03|wash_03,rot_03,곰팡이 꽃,wash_03,빈 껍질,LAW,rot_03,핀,wash_03,껍질,LAW,ROT|WASH,ROT|WASH,무너뜨림과 걷어냄은 서로를 지운다.,핀 껍질,NEUTRALIZED,0,
974,forge__rot_03__wash_04,rot_03|wash_04,rot_03,곰팡이 꽃,wash_04,지워진 자국,LAW,rot_03,핀,wash_04,자국,LAW,ROT|WASH,ROT|WASH,무너뜨림과 걷어냄은 서로를 지운다.,핀 자국,NEUTRALIZED,0,
975,forge__rot_03__wash_05,rot_03|wash_05,rot_03,곰팡이 꽃,wash_05,가라앉은 앙금,LAW,rot_03,핀,wash_05,앙금,LAW,ROT|WASH,ROT|WASH,무너뜨림과 걷어냄은 서로를 지운다.,핀 앙금,NEUTRALIZED,0,
976,forge__rot_04__rot_05,rot_04|rot_05,rot_04,번지는 얼룩,rot_05,내려앉은 냄새,LAW,rot_04,번지는,rot_05,냄새,LAW,ROT|ROT,ROT|ROT,부패가 겹치면 스스로를 먹는다.,번지는 냄새,SELF_EATING,0,
977,forge__rot_04__scat_01,rot_04|scat_01,rot_04,번지는 얼룩,scat_01,가벼운 뼈,LAW,scat_01,가벼운,rot_04,얼룩,LAW,SCATTER|ROT,SCATTER|ROT,흩어지며 무너지면 번진다.,가벼운 얼룩,SPREADING,0,
978,forge__rot_04__scat_02,rot_04|scat_02,rot_04,번지는 얼룩,scat_02,흩날리는 씨,LAW,scat_02,흩날리는,rot_04,얼룩,LAW,SCATTER|ROT,SCATTER|ROT,흩어지며 무너지면 번진다.,흩날리는 얼룩,SPREADING,0,
979,forge__rot_04__scat_03,rot_04|scat_03,rot_04,번지는 얼룩,scat_03,벗겨진 껍데기,LAW,scat_03,벗겨진,rot_04,얼룩,LAW,SCATTER|ROT,SCATTER|ROT,흩어지며 무너지면 번진다.,벗겨진 얼룩,SPREADING,0,
980,forge__rot_04__scat_04,rot_04|scat_04,rot_04,번지는 얼룩,scat_04,뜬 먼지,LAW,scat_04,뜬,rot_04,얼룩,LAW,SCATTER|ROT,SCATTER|ROT,흩어지며 무너지면 번진다.,뜬 얼룩,SPREADING,0,
981,forge__rot_04__scat_05,rot_04|scat_05,rot_04,번지는 얼룩,scat_05,마른 바람,LAW,scat_05,마른,rot_04,얼룩,LAW,SCATTER|ROT,SCATTER|ROT,흩어지며 무너지면 번진다.,마른 얼룩,SPREADING,0,
982,forge__rot_04__still_01,rot_04|still_01,rot_04,번지는 얼룩,still_01,서리꽃,LAW,still_01,서리 낀,rot_04,얼룩,LAW,STILL|ROT,STILL|ROT,무너지는 것을 붙잡으면 굳어 남는다.,서리 낀 얼룩,SCAB,0,
983,forge__rot_04__still_02,rot_04|still_02,rot_04,번지는 얼룩,still_02,멈춘 물방울,LAW,still_02,멈춘,rot_04,얼룩,LAW,STILL|ROT,STILL|ROT,무너지는 것을 붙잡으면 굳어 남는다.,멈춘 얼룩,SCAB,0,
984,forge__rot_04__still_03,rot_04|still_03,rot_04,번지는 얼룩,still_03,잠긴 발자국,LAW,still_03,잠긴,rot_04,얼룩,LAW,STILL|ROT,STILL|ROT,무너지는 것을 붙잡으면 굳어 남는다.,잠긴 얼룩,SCAB,0,
985,forge__rot_04__still_04,rot_04|still_04,rot_04,번지는 얼룩,still_04,굳은 숨,LAW,still_04,숨 멎은,rot_04,얼룩,LAW,STILL|ROT,STILL|ROT,무너지는 것을 붙잡으면 굳어 남는다.,숨 멎은 얼룩,SCAB,0,
986,forge__rot_04__still_05,rot_04|still_05,rot_04,번지는 얼룩,still_05,그친 종소리,LAW,still_05,그친,rot_04,얼룩,LAW,STILL|ROT,STILL|ROT,무너지는 것을 붙잡으면 굳어 남는다.,그친 얼룩,SCAB,0,
987,forge__rot_04__tool_01,rot_04|tool_01,rot_04,번지는 얼룩,tool_01,도가니,CATALYST,tool_01,달궈진,rot_04,얼룩,RESULT_CLASS,CATALYZED_ROT,,,달궈진 얼룩,CATALYZED_ROT,0,
988,forge__rot_04__tool_02,rot_04|tool_02,rot_04,번지는 얼룩,tool_02,집게,CATALYST,tool_02,집어올린,rot_04,얼룩,RESULT_CLASS,CATALYZED_ROT,,,집어올린 얼룩,CATALYZED_ROT,0,
989,forge__rot_04__tool_03,rot_04|tool_03,rot_04,번지는 얼룩,tool_03,체,CATALYST,tool_03,걸러진,rot_04,얼룩,RESULT_CLASS,CATALYZED_ROT,,,걸러진 얼룩,CATALYZED_ROT,0,
990,forge__rot_04__tool_04,rot_04|tool_04,rot_04,번지는 얼룩,tool_04,등불,CATALYST,tool_04,밝혀진,rot_04,얼룩,RESULT_CLASS,CATALYZED_ROT,,,밝혀진 얼룩,CATALYZED_ROT,0,
991,forge__rot_04__tool_05,rot_04|tool_05,rot_04,번지는 얼룩,tool_05,계측기,CATALYST,tool_05,재어진,rot_04,얼룩,RESULT_CLASS,CATALYZED_ROT,,,재어진 얼룩,CATALYZED_ROT,0,
992,forge__rot_04__tool_06,rot_04|tool_06,rot_04,번지는 얼룩,tool_06,풀무,CATALYST,tool_06,불어넣은,rot_04,얼룩,RESULT_CLASS,CATALYZED_ROT,,,불어넣은 얼룩,CATALYZED_ROT,0,
993,forge__rot_04__tool_07,rot_04|tool_07,rot_04,번지는 얼룩,tool_07,저울,CATALYST,tool_07,달아본,rot_04,얼룩,RESULT_CLASS,CATALYZED_ROT,,,달아본 얼룩,CATALYZED_ROT,0,
994,forge__rot_04__tool_08,rot_04|tool_08,rot_04,번지는 얼룩,tool_08,표본 상자,CATALYST,tool_08,갈무리한,rot_04,얼룩,RESULT_CLASS,CATALYZED_ROT,,,갈무리한 얼룩,CATALYZED_ROT,0,
995,forge__rot_04__tool_09,rot_04|tool_09,rot_04,번지는 얼룩,tool_09,갱도 지도,CATALYST,tool_09,그려진,rot_04,얼룩,RESULT_CLASS,CATALYZED_ROT,,,그려진 얼룩,CATALYZED_ROT,0,
996,forge__rot_04__tool_10,rot_04|tool_10,rot_04,번지는 얼룩,tool_10,손수레,CATALYST,tool_10,실려온,rot_04,얼룩,RESULT_CLASS,CATALYZED_ROT,,,실려온 얼룩,CATALYZED_ROT,0,
997,forge__rot_04__wash_01,rot_04|wash_01,rot_04,번지는 얼룩,wash_01,맑은 눈물,LAW,rot_04,번지는,wash_01,눈물,LAW,ROT|WASH,ROT|WASH,무너뜨림과 걷어냄은 서로를 지운다.,번지는 눈물,NEUTRALIZED,0,
998,forge__rot_04__wash_02,rot_04|wash_02,rot_04,번지는 얼룩,wash_02,닳은 돌,LAW,rot_04,번지는,wash_02,돌,LAW,ROT|WASH,ROT|WASH,무너뜨림과 걷어냄은 서로를 지운다.,번지는 돌,NEUTRALIZED,0,
999,forge__rot_04__wash_03,rot_04|wash_03,rot_04,번지는 얼룩,wash_03,빈 껍질,LAW,rot_04,번지는,wash_03,껍질,LAW,ROT|WASH,ROT|WASH,무너뜨림과 걷어냄은 서로를 지운다.,번지는 껍질,NEUTRALIZED,0,
1000,forge__rot_04__wash_04,rot_04|wash_04,rot_04,번지는 얼룩,wash_04,지워진 자국,LAW,rot_04,번지는,wash_04,자국,LAW,ROT|WASH,ROT|WASH,무너뜨림과 걷어냄은 서로를 지운다.,번지는 자국,NEUTRALIZED,0,
1001,forge__rot_04__wash_05,rot_04|wash_05,rot_04,번지는 얼룩,wash_05,가라앉은 앙금,LAW,rot_04,번지는,wash_05,앙금,LAW,ROT|WASH,ROT|WASH,무너뜨림과 걷어냄은 서로를 지운다.,번지는 앙금,NEUTRALIZED,0,
1002,forge__rot_05__scat_01,rot_05|scat_01,rot_05,내려앉은 냄새,scat_01,가벼운 뼈,LAW,scat_01,가벼운,rot_05,냄새,LAW,SCATTER|ROT,SCATTER|ROT,흩어지며 무너지면 번진다.,가벼운 냄새,SPREADING,0,
1003,forge__rot_05__scat_02,rot_05|scat_02,rot_05,내려앉은 냄새,scat_02,흩날리는 씨,LAW,scat_02,흩날리는,rot_05,냄새,LAW,SCATTER|ROT,SCATTER|ROT,흩어지며 무너지면 번진다.,흩날리는 냄새,SPREADING,0,
1004,forge__rot_05__scat_03,rot_05|scat_03,rot_05,내려앉은 냄새,scat_03,벗겨진 껍데기,LAW,scat_03,벗겨진,rot_05,냄새,LAW,SCATTER|ROT,SCATTER|ROT,흩어지며 무너지면 번진다.,벗겨진 냄새,SPREADING,0,
1005,forge__rot_05__scat_04,rot_05|scat_04,rot_05,내려앉은 냄새,scat_04,뜬 먼지,LAW,scat_04,뜬,rot_05,냄새,LAW,SCATTER|ROT,SCATTER|ROT,흩어지며 무너지면 번진다.,뜬 냄새,SPREADING,0,
1006,forge__rot_05__scat_05,rot_05|scat_05,rot_05,내려앉은 냄새,scat_05,마른 바람,LAW,scat_05,마른,rot_05,냄새,LAW,SCATTER|ROT,SCATTER|ROT,흩어지며 무너지면 번진다.,마른 냄새,SPREADING,0,
1007,forge__rot_05__still_01,rot_05|still_01,rot_05,내려앉은 냄새,still_01,서리꽃,LAW,still_01,서리 낀,rot_05,냄새,LAW,STILL|ROT,STILL|ROT,무너지는 것을 붙잡으면 굳어 남는다.,서리 낀 냄새,SCAB,0,
1008,forge__rot_05__still_02,rot_05|still_02,rot_05,내려앉은 냄새,still_02,멈춘 물방울,LAW,still_02,멈춘,rot_05,냄새,LAW,STILL|ROT,STILL|ROT,무너지는 것을 붙잡으면 굳어 남는다.,멈춘 냄새,SCAB,0,
1009,forge__rot_05__still_03,rot_05|still_03,rot_05,내려앉은 냄새,still_03,잠긴 발자국,LAW,still_03,잠긴,rot_05,냄새,LAW,STILL|ROT,STILL|ROT,무너지는 것을 붙잡으면 굳어 남는다.,잠긴 냄새,SCAB,0,
1010,forge__rot_05__still_04,rot_05|still_04,rot_05,내려앉은 냄새,still_04,굳은 숨,LAW,still_04,숨 멎은,rot_05,냄새,LAW,STILL|ROT,STILL|ROT,무너지는 것을 붙잡으면 굳어 남는다.,숨 멎은 냄새,SCAB,0,
1011,forge__rot_05__still_05,rot_05|still_05,rot_05,내려앉은 냄새,still_05,그친 종소리,LAW,still_05,그친,rot_05,냄새,LAW,STILL|ROT,STILL|ROT,무너지는 것을 붙잡으면 굳어 남는다.,그친 냄새,SCAB,0,
1012,forge__rot_05__tool_01,rot_05|tool_01,rot_05,내려앉은 냄새,tool_01,도가니,CATALYST,tool_01,달궈진,rot_05,냄새,RESULT_CLASS,CATALYZED_ROT,,,달궈진 냄새,CATALYZED_ROT,0,
1013,forge__rot_05__tool_02,rot_05|tool_02,rot_05,내려앉은 냄새,tool_02,집게,CATALYST,tool_02,집어올린,rot_05,냄새,RESULT_CLASS,CATALYZED_ROT,,,집어올린 냄새,CATALYZED_ROT,0,
1014,forge__rot_05__tool_03,rot_05|tool_03,rot_05,내려앉은 냄새,tool_03,체,CATALYST,tool_03,걸러진,rot_05,냄새,RESULT_CLASS,CATALYZED_ROT,,,걸러진 냄새,CATALYZED_ROT,0,
1015,forge__rot_05__tool_04,rot_05|tool_04,rot_05,내려앉은 냄새,tool_04,등불,CATALYST,tool_04,밝혀진,rot_05,냄새,RESULT_CLASS,CATALYZED_ROT,,,밝혀진 냄새,CATALYZED_ROT,0,
1016,forge__rot_05__tool_05,rot_05|tool_05,rot_05,내려앉은 냄새,tool_05,계측기,CATALYST,tool_05,재어진,rot_05,냄새,RESULT_CLASS,CATALYZED_ROT,,,재어진 냄새,CATALYZED_ROT,0,
1017,forge__rot_05__tool_06,rot_05|tool_06,rot_05,내려앉은 냄새,tool_06,풀무,CATALYST,tool_06,불어넣은,rot_05,냄새,RESULT_CLASS,CATALYZED_ROT,,,불어넣은 냄새,CATALYZED_ROT,0,
1018,forge__rot_05__tool_07,rot_05|tool_07,rot_05,내려앉은 냄새,tool_07,저울,CATALYST,tool_07,달아본,rot_05,냄새,RESULT_CLASS,CATALYZED_ROT,,,달아본 냄새,CATALYZED_ROT,0,
1019,forge__rot_05__tool_08,rot_05|tool_08,rot_05,내려앉은 냄새,tool_08,표본 상자,CATALYST,tool_08,갈무리한,rot_05,냄새,RESULT_CLASS,CATALYZED_ROT,,,갈무리한 냄새,CATALYZED_ROT,0,
1020,forge__rot_05__tool_09,rot_05|tool_09,rot_05,내려앉은 냄새,tool_09,갱도 지도,CATALYST,tool_09,그려진,rot_05,냄새,RESULT_CLASS,CATALYZED_ROT,,,그려진 냄새,CATALYZED_ROT,0,
1021,forge__rot_05__tool_10,rot_05|tool_10,rot_05,내려앉은 냄새,tool_10,손수레,CATALYST,tool_10,실려온,rot_05,냄새,RESULT_CLASS,CATALYZED_ROT,,,실려온 냄새,CATALYZED_ROT,0,
1022,forge__rot_05__wash_01,rot_05|wash_01,rot_05,내려앉은 냄새,wash_01,맑은 눈물,LAW,rot_05,내려앉은,wash_01,눈물,LAW,ROT|WASH,ROT|WASH,무너뜨림과 걷어냄은 서로를 지운다.,내려앉은 눈물,NEUTRALIZED,0,
1023,forge__rot_05__wash_02,rot_05|wash_02,rot_05,내려앉은 냄새,wash_02,닳은 돌,LAW,rot_05,내려앉은,wash_02,돌,LAW,ROT|WASH,ROT|WASH,무너뜨림과 걷어냄은 서로를 지운다.,내려앉은 돌,NEUTRALIZED,0,
1024,forge__rot_05__wash_03,rot_05|wash_03,rot_05,내려앉은 냄새,wash_03,빈 껍질,LAW,rot_05,내려앉은,wash_03,껍질,LAW,ROT|WASH,ROT|WASH,무너뜨림과 걷어냄은 서로를 지운다.,내려앉은 껍질,NEUTRALIZED,0,
1025,forge__rot_05__wash_04,rot_05|wash_04,rot_05,내려앉은 냄새,wash_04,지워진 자국,LAW,rot_05,내려앉은,wash_04,자국,LAW,ROT|WASH,ROT|WASH,무너뜨림과 걷어냄은 서로를 지운다.,내려앉은 자국,NEUTRALIZED,0,
1026,forge__rot_05__wash_05,rot_05|wash_05,rot_05,내려앉은 냄새,wash_05,가라앉은 앙금,LAW,rot_05,내려앉은,wash_05,앙금,LAW,ROT|WASH,ROT|WASH,무너뜨림과 걷어냄은 서로를 지운다.,내려앉은 앙금,NEUTRALIZED,0,
1027,forge__scat_01__scat_02,scat_01|scat_02,scat_01,가벼운 뼈,scat_02,흩날리는 씨,LAW,scat_01,가벼운,scat_02,씨,LAW,SCATTER|SCATTER,SCATTER|SCATTER,휘발이 겹치면 흔적 없이 사라진다.,가벼운 씨,DISPERSAL,0,
1028,forge__scat_01__scat_03,scat_01|scat_03,scat_01,가벼운 뼈,scat_03,벗겨진 껍데기,LAW,scat_01,가벼운,scat_03,껍데기,LAW,SCATTER|SCATTER,SCATTER|SCATTER,휘발이 겹치면 흔적 없이 사라진다.,가벼운 껍데기,DISPERSAL,0,
1029,forge__scat_01__scat_04,scat_01|scat_04,scat_01,가벼운 뼈,scat_04,뜬 먼지,LAW,scat_01,가벼운,scat_04,먼지,LAW,SCATTER|SCATTER,SCATTER|SCATTER,휘발이 겹치면 흔적 없이 사라진다.,가벼운 먼지,DISPERSAL,0,
1030,forge__scat_01__scat_05,scat_01|scat_05,scat_01,가벼운 뼈,scat_05,마른 바람,LAW,scat_01,가벼운,scat_05,바람,LAW,SCATTER|SCATTER,SCATTER|SCATTER,휘발이 겹치면 흔적 없이 사라진다.,가벼운 바람,DISPERSAL,0,
1031,forge__scat_01__still_01,scat_01|still_01,scat_01,가벼운 뼈,still_01,서리꽃,LAW,still_01,서리 낀,scat_01,뼈,LAW,STILL|SCATTER,STILL|SCATTER,달아나려는 것을 붙잡으면 가라앉는다.,서리 낀 뼈,SETTLING,0,
1032,forge__scat_01__still_02,scat_01|still_02,scat_01,가벼운 뼈,still_02,멈춘 물방울,LAW,still_02,멈춘,scat_01,뼈,LAW,STILL|SCATTER,STILL|SCATTER,달아나려는 것을 붙잡으면 가라앉는다.,멈춘 뼈,SETTLING,0,
1033,forge__scat_01__still_03,scat_01|still_03,scat_01,가벼운 뼈,still_03,잠긴 발자국,LAW,still_03,잠긴,scat_01,뼈,LAW,STILL|SCATTER,STILL|SCATTER,달아나려는 것을 붙잡으면 가라앉는다.,잠긴 뼈,SETTLING,0,
1034,forge__scat_01__still_04,scat_01|still_04,scat_01,가벼운 뼈,still_04,굳은 숨,LAW,still_04,숨 멎은,scat_01,뼈,LAW,STILL|SCATTER,STILL|SCATTER,달아나려는 것을 붙잡으면 가라앉는다.,숨 멎은 뼈,SETTLING,0,
1035,forge__scat_01__still_05,scat_01|still_05,scat_01,가벼운 뼈,still_05,그친 종소리,LAW,still_05,그친,scat_01,뼈,LAW,STILL|SCATTER,STILL|SCATTER,달아나려는 것을 붙잡으면 가라앉는다.,그친 뼈,SETTLING,0,
1036,forge__scat_01__tool_01,scat_01|tool_01,scat_01,가벼운 뼈,tool_01,도가니,CATALYST,tool_01,달궈진,scat_01,뼈,RESULT_CLASS,CATALYZED_SCATTER,,,달궈진 뼈,CATALYZED_SCATTER,0,
1037,forge__scat_01__tool_02,scat_01|tool_02,scat_01,가벼운 뼈,tool_02,집게,CATALYST,tool_02,집어올린,scat_01,뼈,RESULT_CLASS,CATALYZED_SCATTER,,,집어올린 뼈,CATALYZED_SCATTER,0,
1038,forge__scat_01__tool_03,scat_01|tool_03,scat_01,가벼운 뼈,tool_03,체,CATALYST,tool_03,걸러진,scat_01,뼈,RESULT_CLASS,CATALYZED_SCATTER,,,걸러진 뼈,CATALYZED_SCATTER,0,
1039,forge__scat_01__tool_04,scat_01|tool_04,scat_01,가벼운 뼈,tool_04,등불,CATALYST,tool_04,밝혀진,scat_01,뼈,RESULT_CLASS,CATALYZED_SCATTER,,,밝혀진 뼈,CATALYZED_SCATTER,0,
1040,forge__scat_01__tool_05,scat_01|tool_05,scat_01,가벼운 뼈,tool_05,계측기,CATALYST,tool_05,재어진,scat_01,뼈,RESULT_CLASS,CATALYZED_SCATTER,,,재어진 뼈,CATALYZED_SCATTER,0,
1041,forge__scat_01__tool_06,scat_01|tool_06,scat_01,가벼운 뼈,tool_06,풀무,CATALYST,tool_06,불어넣은,scat_01,뼈,RESULT_CLASS,CATALYZED_SCATTER,,,불어넣은 뼈,CATALYZED_SCATTER,0,
1042,forge__scat_01__tool_07,scat_01|tool_07,scat_01,가벼운 뼈,tool_07,저울,CATALYST,tool_07,달아본,scat_01,뼈,RESULT_CLASS,CATALYZED_SCATTER,,,달아본 뼈,CATALYZED_SCATTER,0,
1043,forge__scat_01__tool_08,scat_01|tool_08,scat_01,가벼운 뼈,tool_08,표본 상자,CATALYST,tool_08,갈무리한,scat_01,뼈,RESULT_CLASS,CATALYZED_SCATTER,,,갈무리한 뼈,CATALYZED_SCATTER,0,
1044,forge__scat_01__tool_09,scat_01|tool_09,scat_01,가벼운 뼈,tool_09,갱도 지도,CATALYST,tool_09,그려진,scat_01,뼈,RESULT_CLASS,CATALYZED_SCATTER,,,그려진 뼈,CATALYZED_SCATTER,0,
1045,forge__scat_01__tool_10,scat_01|tool_10,scat_01,가벼운 뼈,tool_10,손수레,CATALYST,tool_10,실려온,scat_01,뼈,RESULT_CLASS,CATALYZED_SCATTER,,,실려온 뼈,CATALYZED_SCATTER,0,
1046,forge__scat_01__wash_01,scat_01|wash_01,scat_01,가벼운 뼈,wash_01,맑은 눈물,LAW,scat_01,가벼운,wash_01,눈물,LAW,SCATTER|WASH,SCATTER|WASH,씻겨 날아가면 흔적이 없다.,가벼운 눈물,VANISHING,0,
1047,forge__scat_01__wash_02,scat_01|wash_02,scat_01,가벼운 뼈,wash_02,닳은 돌,LAW,scat_01,가벼운,wash_02,돌,LAW,SCATTER|WASH,SCATTER|WASH,씻겨 날아가면 흔적이 없다.,가벼운 돌,VANISHING,0,
1048,forge__scat_01__wash_03,scat_01|wash_03,scat_01,가벼운 뼈,wash_03,빈 껍질,LAW,scat_01,가벼운,wash_03,껍질,LAW,SCATTER|WASH,SCATTER|WASH,씻겨 날아가면 흔적이 없다.,가벼운 껍질,VANISHING,0,
1049,forge__scat_01__wash_04,scat_01|wash_04,scat_01,가벼운 뼈,wash_04,지워진 자국,LAW,scat_01,가벼운,wash_04,자국,LAW,SCATTER|WASH,SCATTER|WASH,씻겨 날아가면 흔적이 없다.,가벼운 자국,VANISHING,0,
1050,forge__scat_01__wash_05,scat_01|wash_05,scat_01,가벼운 뼈,wash_05,가라앉은 앙금,LAW,scat_01,가벼운,wash_05,앙금,LAW,SCATTER|WASH,SCATTER|WASH,씻겨 날아가면 흔적이 없다.,가벼운 앙금,VANISHING,0,
1051,forge__scat_02__scat_03,scat_02|scat_03,scat_02,흩날리는 씨,scat_03,벗겨진 껍데기,LAW,scat_02,흩날리는,scat_03,껍데기,LAW,SCATTER|SCATTER,SCATTER|SCATTER,휘발이 겹치면 흔적 없이 사라진다.,흩날리는 껍데기,DISPERSAL,0,
1052,forge__scat_02__scat_04,scat_02|scat_04,scat_02,흩날리는 씨,scat_04,뜬 먼지,LAW,scat_02,흩날리는,scat_04,먼지,LAW,SCATTER|SCATTER,SCATTER|SCATTER,휘발이 겹치면 흔적 없이 사라진다.,흩날리는 먼지,DISPERSAL,0,
1053,forge__scat_02__scat_05,scat_02|scat_05,scat_02,흩날리는 씨,scat_05,마른 바람,LAW,scat_02,흩날리는,scat_05,바람,LAW,SCATTER|SCATTER,SCATTER|SCATTER,휘발이 겹치면 흔적 없이 사라진다.,흩날리는 바람,DISPERSAL,0,
1054,forge__scat_02__still_01,scat_02|still_01,scat_02,흩날리는 씨,still_01,서리꽃,LAW,still_01,서리 낀,scat_02,씨,LAW,STILL|SCATTER,STILL|SCATTER,달아나려는 것을 붙잡으면 가라앉는다.,서리 낀 씨,SETTLING,0,
1055,forge__scat_02__still_02,scat_02|still_02,scat_02,흩날리는 씨,still_02,멈춘 물방울,LAW,still_02,멈춘,scat_02,씨,LAW,STILL|SCATTER,STILL|SCATTER,달아나려는 것을 붙잡으면 가라앉는다.,멈춘 씨,SETTLING,0,
1056,forge__scat_02__still_03,scat_02|still_03,scat_02,흩날리는 씨,still_03,잠긴 발자국,LAW,still_03,잠긴,scat_02,씨,LAW,STILL|SCATTER,STILL|SCATTER,달아나려는 것을 붙잡으면 가라앉는다.,잠긴 씨,SETTLING,0,
1057,forge__scat_02__still_04,scat_02|still_04,scat_02,흩날리는 씨,still_04,굳은 숨,LAW,still_04,숨 멎은,scat_02,씨,LAW,STILL|SCATTER,STILL|SCATTER,달아나려는 것을 붙잡으면 가라앉는다.,숨 멎은 씨,SETTLING,0,
1058,forge__scat_02__still_05,scat_02|still_05,scat_02,흩날리는 씨,still_05,그친 종소리,LAW,still_05,그친,scat_02,씨,LAW,STILL|SCATTER,STILL|SCATTER,달아나려는 것을 붙잡으면 가라앉는다.,그친 씨,SETTLING,0,
1059,forge__scat_02__tool_01,scat_02|tool_01,scat_02,흩날리는 씨,tool_01,도가니,CATALYST,tool_01,달궈진,scat_02,씨,RESULT_CLASS,CATALYZED_SCATTER,,,달궈진 씨,CATALYZED_SCATTER,0,
1060,forge__scat_02__tool_02,scat_02|tool_02,scat_02,흩날리는 씨,tool_02,집게,CATALYST,tool_02,집어올린,scat_02,씨,RESULT_CLASS,CATALYZED_SCATTER,,,집어올린 씨,CATALYZED_SCATTER,0,
1061,forge__scat_02__tool_03,scat_02|tool_03,scat_02,흩날리는 씨,tool_03,체,CATALYST,tool_03,걸러진,scat_02,씨,RESULT_CLASS,CATALYZED_SCATTER,,,걸러진 씨,CATALYZED_SCATTER,0,
1062,forge__scat_02__tool_04,scat_02|tool_04,scat_02,흩날리는 씨,tool_04,등불,CATALYST,tool_04,밝혀진,scat_02,씨,RESULT_CLASS,CATALYZED_SCATTER,,,밝혀진 씨,CATALYZED_SCATTER,0,
1063,forge__scat_02__tool_05,scat_02|tool_05,scat_02,흩날리는 씨,tool_05,계측기,CATALYST,tool_05,재어진,scat_02,씨,RESULT_CLASS,CATALYZED_SCATTER,,,재어진 씨,CATALYZED_SCATTER,0,
1064,forge__scat_02__tool_06,scat_02|tool_06,scat_02,흩날리는 씨,tool_06,풀무,CATALYST,tool_06,불어넣은,scat_02,씨,RESULT_CLASS,CATALYZED_SCATTER,,,불어넣은 씨,CATALYZED_SCATTER,0,
1065,forge__scat_02__tool_07,scat_02|tool_07,scat_02,흩날리는 씨,tool_07,저울,CATALYST,tool_07,달아본,scat_02,씨,RESULT_CLASS,CATALYZED_SCATTER,,,달아본 씨,CATALYZED_SCATTER,0,
1066,forge__scat_02__tool_08,scat_02|tool_08,scat_02,흩날리는 씨,tool_08,표본 상자,CATALYST,tool_08,갈무리한,scat_02,씨,RESULT_CLASS,CATALYZED_SCATTER,,,갈무리한 씨,CATALYZED_SCATTER,0,
1067,forge__scat_02__tool_09,scat_02|tool_09,scat_02,흩날리는 씨,tool_09,갱도 지도,CATALYST,tool_09,그려진,scat_02,씨,RESULT_CLASS,CATALYZED_SCATTER,,,그려진 씨,CATALYZED_SCATTER,0,
1068,forge__scat_02__tool_10,scat_02|tool_10,scat_02,흩날리는 씨,tool_10,손수레,CATALYST,tool_10,실려온,scat_02,씨,RESULT_CLASS,CATALYZED_SCATTER,,,실려온 씨,CATALYZED_SCATTER,0,
1069,forge__scat_02__wash_01,scat_02|wash_01,scat_02,흩날리는 씨,wash_01,맑은 눈물,LAW,scat_02,흩날리는,wash_01,눈물,LAW,SCATTER|WASH,SCATTER|WASH,씻겨 날아가면 흔적이 없다.,흩날리는 눈물,VANISHING,0,
1070,forge__scat_02__wash_02,scat_02|wash_02,scat_02,흩날리는 씨,wash_02,닳은 돌,LAW,scat_02,흩날리는,wash_02,돌,LAW,SCATTER|WASH,SCATTER|WASH,씻겨 날아가면 흔적이 없다.,흩날리는 돌,VANISHING,0,
1071,forge__scat_02__wash_03,scat_02|wash_03,scat_02,흩날리는 씨,wash_03,빈 껍질,LAW,scat_02,흩날리는,wash_03,껍질,LAW,SCATTER|WASH,SCATTER|WASH,씻겨 날아가면 흔적이 없다.,흩날리는 껍질,VANISHING,0,
1072,forge__scat_02__wash_04,scat_02|wash_04,scat_02,흩날리는 씨,wash_04,지워진 자국,LAW,scat_02,흩날리는,wash_04,자국,LAW,SCATTER|WASH,SCATTER|WASH,씻겨 날아가면 흔적이 없다.,흩날리는 자국,VANISHING,0,
1073,forge__scat_02__wash_05,scat_02|wash_05,scat_02,흩날리는 씨,wash_05,가라앉은 앙금,LAW,scat_02,흩날리는,wash_05,앙금,LAW,SCATTER|WASH,SCATTER|WASH,씻겨 날아가면 흔적이 없다.,흩날리는 앙금,VANISHING,0,
1074,forge__scat_03__scat_04,scat_03|scat_04,scat_03,벗겨진 껍데기,scat_04,뜬 먼지,LAW,scat_03,벗겨진,scat_04,먼지,LAW,SCATTER|SCATTER,SCATTER|SCATTER,휘발이 겹치면 흔적 없이 사라진다.,벗겨진 먼지,DISPERSAL,0,
1075,forge__scat_03__scat_05,scat_03|scat_05,scat_03,벗겨진 껍데기,scat_05,마른 바람,LAW,scat_03,벗겨진,scat_05,바람,LAW,SCATTER|SCATTER,SCATTER|SCATTER,휘발이 겹치면 흔적 없이 사라진다.,벗겨진 바람,DISPERSAL,0,
1076,forge__scat_03__still_01,scat_03|still_01,scat_03,벗겨진 껍데기,still_01,서리꽃,LAW,still_01,서리 낀,scat_03,껍데기,LAW,STILL|SCATTER,STILL|SCATTER,달아나려는 것을 붙잡으면 가라앉는다.,서리 낀 껍데기,SETTLING,0,
1077,forge__scat_03__still_02,scat_03|still_02,scat_03,벗겨진 껍데기,still_02,멈춘 물방울,LAW,still_02,멈춘,scat_03,껍데기,LAW,STILL|SCATTER,STILL|SCATTER,달아나려는 것을 붙잡으면 가라앉는다.,멈춘 껍데기,SETTLING,0,
1078,forge__scat_03__still_03,scat_03|still_03,scat_03,벗겨진 껍데기,still_03,잠긴 발자국,LAW,still_03,잠긴,scat_03,껍데기,LAW,STILL|SCATTER,STILL|SCATTER,달아나려는 것을 붙잡으면 가라앉는다.,잠긴 껍데기,SETTLING,0,
1079,forge__scat_03__still_04,scat_03|still_04,scat_03,벗겨진 껍데기,still_04,굳은 숨,LAW,still_04,숨 멎은,scat_03,껍데기,LAW,STILL|SCATTER,STILL|SCATTER,달아나려는 것을 붙잡으면 가라앉는다.,숨 멎은 껍데기,SETTLING,0,
1080,forge__scat_03__still_05,scat_03|still_05,scat_03,벗겨진 껍데기,still_05,그친 종소리,LAW,still_05,그친,scat_03,껍데기,LAW,STILL|SCATTER,STILL|SCATTER,달아나려는 것을 붙잡으면 가라앉는다.,그친 껍데기,SETTLING,0,
1081,forge__scat_03__tool_01,scat_03|tool_01,scat_03,벗겨진 껍데기,tool_01,도가니,CATALYST,tool_01,달궈진,scat_03,껍데기,RESULT_CLASS,CATALYZED_SCATTER,,,달궈진 껍데기,CATALYZED_SCATTER,0,
1082,forge__scat_03__tool_02,scat_03|tool_02,scat_03,벗겨진 껍데기,tool_02,집게,CATALYST,tool_02,집어올린,scat_03,껍데기,RESULT_CLASS,CATALYZED_SCATTER,,,집어올린 껍데기,CATALYZED_SCATTER,0,
1083,forge__scat_03__tool_03,scat_03|tool_03,scat_03,벗겨진 껍데기,tool_03,체,CATALYST,tool_03,걸러진,scat_03,껍데기,RESULT_CLASS,CATALYZED_SCATTER,,,걸러진 껍데기,CATALYZED_SCATTER,0,
1084,forge__scat_03__tool_04,scat_03|tool_04,scat_03,벗겨진 껍데기,tool_04,등불,CATALYST,tool_04,밝혀진,scat_03,껍데기,RESULT_CLASS,CATALYZED_SCATTER,,,밝혀진 껍데기,CATALYZED_SCATTER,0,
1085,forge__scat_03__tool_05,scat_03|tool_05,scat_03,벗겨진 껍데기,tool_05,계측기,CATALYST,tool_05,재어진,scat_03,껍데기,RESULT_CLASS,CATALYZED_SCATTER,,,재어진 껍데기,CATALYZED_SCATTER,0,
1086,forge__scat_03__tool_06,scat_03|tool_06,scat_03,벗겨진 껍데기,tool_06,풀무,CATALYST,tool_06,불어넣은,scat_03,껍데기,RESULT_CLASS,CATALYZED_SCATTER,,,불어넣은 껍데기,CATALYZED_SCATTER,0,
1087,forge__scat_03__tool_07,scat_03|tool_07,scat_03,벗겨진 껍데기,tool_07,저울,CATALYST,tool_07,달아본,scat_03,껍데기,RESULT_CLASS,CATALYZED_SCATTER,,,달아본 껍데기,CATALYZED_SCATTER,0,
1088,forge__scat_03__tool_08,scat_03|tool_08,scat_03,벗겨진 껍데기,tool_08,표본 상자,CATALYST,tool_08,갈무리한,scat_03,껍데기,RESULT_CLASS,CATALYZED_SCATTER,,,갈무리한 껍데기,CATALYZED_SCATTER,0,
1089,forge__scat_03__tool_09,scat_03|tool_09,scat_03,벗겨진 껍데기,tool_09,갱도 지도,CATALYST,tool_09,그려진,scat_03,껍데기,RESULT_CLASS,CATALYZED_SCATTER,,,그려진 껍데기,CATALYZED_SCATTER,0,
1090,forge__scat_03__tool_10,scat_03|tool_10,scat_03,벗겨진 껍데기,tool_10,손수레,CATALYST,tool_10,실려온,scat_03,껍데기,RESULT_CLASS,CATALYZED_SCATTER,,,실려온 껍데기,CATALYZED_SCATTER,0,
1091,forge__scat_03__wash_01,scat_03|wash_01,scat_03,벗겨진 껍데기,wash_01,맑은 눈물,LAW,scat_03,벗겨진,wash_01,눈물,LAW,SCATTER|WASH,SCATTER|WASH,씻겨 날아가면 흔적이 없다.,벗겨진 눈물,VANISHING,0,
1092,forge__scat_03__wash_02,scat_03|wash_02,scat_03,벗겨진 껍데기,wash_02,닳은 돌,LAW,scat_03,벗겨진,wash_02,돌,LAW,SCATTER|WASH,SCATTER|WASH,씻겨 날아가면 흔적이 없다.,벗겨진 돌,VANISHING,0,
1093,forge__scat_03__wash_03,scat_03|wash_03,scat_03,벗겨진 껍데기,wash_03,빈 껍질,LAW,scat_03,벗겨진,wash_03,껍질,LAW,SCATTER|WASH,SCATTER|WASH,씻겨 날아가면 흔적이 없다.,벗겨진 껍질,VANISHING,0,
1094,forge__scat_03__wash_04,scat_03|wash_04,scat_03,벗겨진 껍데기,wash_04,지워진 자국,LAW,scat_03,벗겨진,wash_04,자국,LAW,SCATTER|WASH,SCATTER|WASH,씻겨 날아가면 흔적이 없다.,벗겨진 자국,VANISHING,0,
1095,forge__scat_03__wash_05,scat_03|wash_05,scat_03,벗겨진 껍데기,wash_05,가라앉은 앙금,LAW,scat_03,벗겨진,wash_05,앙금,LAW,SCATTER|WASH,SCATTER|WASH,씻겨 날아가면 흔적이 없다.,벗겨진 앙금,VANISHING,0,
1096,forge__scat_04__scat_05,scat_04|scat_05,scat_04,뜬 먼지,scat_05,마른 바람,LAW,scat_04,뜬,scat_05,바람,LAW,SCATTER|SCATTER,SCATTER|SCATTER,휘발이 겹치면 흔적 없이 사라진다.,뜬 바람,DISPERSAL,0,
1097,forge__scat_04__still_01,scat_04|still_01,scat_04,뜬 먼지,still_01,서리꽃,LAW,still_01,서리 낀,scat_04,먼지,LAW,STILL|SCATTER,STILL|SCATTER,달아나려는 것을 붙잡으면 가라앉는다.,서리 낀 먼지,SETTLING,0,
1098,forge__scat_04__still_02,scat_04|still_02,scat_04,뜬 먼지,still_02,멈춘 물방울,LAW,still_02,멈춘,scat_04,먼지,LAW,STILL|SCATTER,STILL|SCATTER,달아나려는 것을 붙잡으면 가라앉는다.,멈춘 먼지,SETTLING,0,
1099,forge__scat_04__still_03,scat_04|still_03,scat_04,뜬 먼지,still_03,잠긴 발자국,LAW,still_03,잠긴,scat_04,먼지,LAW,STILL|SCATTER,STILL|SCATTER,달아나려는 것을 붙잡으면 가라앉는다.,잠긴 먼지,SETTLING,0,
1100,forge__scat_04__still_04,scat_04|still_04,scat_04,뜬 먼지,still_04,굳은 숨,LAW,still_04,숨 멎은,scat_04,먼지,LAW,STILL|SCATTER,STILL|SCATTER,달아나려는 것을 붙잡으면 가라앉는다.,숨 멎은 먼지,SETTLING,0,
1101,forge__scat_04__still_05,scat_04|still_05,scat_04,뜬 먼지,still_05,그친 종소리,LAW,still_05,그친,scat_04,먼지,LAW,STILL|SCATTER,STILL|SCATTER,달아나려는 것을 붙잡으면 가라앉는다.,그친 먼지,SETTLING,0,
1102,forge__scat_04__tool_01,scat_04|tool_01,scat_04,뜬 먼지,tool_01,도가니,CATALYST,tool_01,달궈진,scat_04,먼지,RESULT_CLASS,CATALYZED_SCATTER,,,달궈진 먼지,CATALYZED_SCATTER,0,
1103,forge__scat_04__tool_02,scat_04|tool_02,scat_04,뜬 먼지,tool_02,집게,CATALYST,tool_02,집어올린,scat_04,먼지,RESULT_CLASS,CATALYZED_SCATTER,,,집어올린 먼지,CATALYZED_SCATTER,0,
1104,forge__scat_04__tool_03,scat_04|tool_03,scat_04,뜬 먼지,tool_03,체,CATALYST,tool_03,걸러진,scat_04,먼지,RESULT_CLASS,CATALYZED_SCATTER,,,걸러진 먼지,CATALYZED_SCATTER,0,
1105,forge__scat_04__tool_04,scat_04|tool_04,scat_04,뜬 먼지,tool_04,등불,CATALYST,tool_04,밝혀진,scat_04,먼지,RESULT_CLASS,CATALYZED_SCATTER,,,밝혀진 먼지,CATALYZED_SCATTER,0,
1106,forge__scat_04__tool_05,scat_04|tool_05,scat_04,뜬 먼지,tool_05,계측기,CATALYST,tool_05,재어진,scat_04,먼지,RESULT_CLASS,CATALYZED_SCATTER,,,재어진 먼지,CATALYZED_SCATTER,0,
1107,forge__scat_04__tool_06,scat_04|tool_06,scat_04,뜬 먼지,tool_06,풀무,CATALYST,tool_06,불어넣은,scat_04,먼지,RESULT_CLASS,CATALYZED_SCATTER,,,불어넣은 먼지,CATALYZED_SCATTER,0,
1108,forge__scat_04__tool_07,scat_04|tool_07,scat_04,뜬 먼지,tool_07,저울,CATALYST,tool_07,달아본,scat_04,먼지,RESULT_CLASS,CATALYZED_SCATTER,,,달아본 먼지,CATALYZED_SCATTER,0,
1109,forge__scat_04__tool_08,scat_04|tool_08,scat_04,뜬 먼지,tool_08,표본 상자,CATALYST,tool_08,갈무리한,scat_04,먼지,RESULT_CLASS,CATALYZED_SCATTER,,,갈무리한 먼지,CATALYZED_SCATTER,0,
1110,forge__scat_04__tool_09,scat_04|tool_09,scat_04,뜬 먼지,tool_09,갱도 지도,CATALYST,tool_09,그려진,scat_04,먼지,RESULT_CLASS,CATALYZED_SCATTER,,,그려진 먼지,CATALYZED_SCATTER,0,
1111,forge__scat_04__tool_10,scat_04|tool_10,scat_04,뜬 먼지,tool_10,손수레,CATALYST,tool_10,실려온,scat_04,먼지,RESULT_CLASS,CATALYZED_SCATTER,,,실려온 먼지,CATALYZED_SCATTER,0,
1112,forge__scat_04__wash_01,scat_04|wash_01,scat_04,뜬 먼지,wash_01,맑은 눈물,LAW,scat_04,뜬,wash_01,눈물,LAW,SCATTER|WASH,SCATTER|WASH,씻겨 날아가면 흔적이 없다.,뜬 눈물,VANISHING,0,
1113,forge__scat_04__wash_02,scat_04|wash_02,scat_04,뜬 먼지,wash_02,닳은 돌,LAW,scat_04,뜬,wash_02,돌,LAW,SCATTER|WASH,SCATTER|WASH,씻겨 날아가면 흔적이 없다.,뜬 돌,VANISHING,0,
1114,forge__scat_04__wash_03,scat_04|wash_03,scat_04,뜬 먼지,wash_03,빈 껍질,LAW,scat_04,뜬,wash_03,껍질,LAW,SCATTER|WASH,SCATTER|WASH,씻겨 날아가면 흔적이 없다.,뜬 껍질,VANISHING,0,
1115,forge__scat_04__wash_04,scat_04|wash_04,scat_04,뜬 먼지,wash_04,지워진 자국,LAW,scat_04,뜬,wash_04,자국,LAW,SCATTER|WASH,SCATTER|WASH,씻겨 날아가면 흔적이 없다.,뜬 자국,VANISHING,0,
1116,forge__scat_04__wash_05,scat_04|wash_05,scat_04,뜬 먼지,wash_05,가라앉은 앙금,LAW,scat_04,뜬,wash_05,앙금,LAW,SCATTER|WASH,SCATTER|WASH,씻겨 날아가면 흔적이 없다.,뜬 앙금,VANISHING,0,
1117,forge__scat_05__still_01,scat_05|still_01,scat_05,마른 바람,still_01,서리꽃,LAW,still_01,서리 낀,scat_05,바람,LAW,STILL|SCATTER,STILL|SCATTER,달아나려는 것을 붙잡으면 가라앉는다.,서리 낀 바람,SETTLING,0,
1118,forge__scat_05__still_02,scat_05|still_02,scat_05,마른 바람,still_02,멈춘 물방울,LAW,still_02,멈춘,scat_05,바람,LAW,STILL|SCATTER,STILL|SCATTER,달아나려는 것을 붙잡으면 가라앉는다.,멈춘 바람,SETTLING,0,
1119,forge__scat_05__still_03,scat_05|still_03,scat_05,마른 바람,still_03,잠긴 발자국,LAW,still_03,잠긴,scat_05,바람,LAW,STILL|SCATTER,STILL|SCATTER,달아나려는 것을 붙잡으면 가라앉는다.,잠긴 바람,SETTLING,0,
1120,forge__scat_05__still_04,scat_05|still_04,scat_05,마른 바람,still_04,굳은 숨,LAW,still_04,숨 멎은,scat_05,바람,LAW,STILL|SCATTER,STILL|SCATTER,달아나려는 것을 붙잡으면 가라앉는다.,숨 멎은 바람,SETTLING,0,
1121,forge__scat_05__still_05,scat_05|still_05,scat_05,마른 바람,still_05,그친 종소리,LAW,still_05,그친,scat_05,바람,LAW,STILL|SCATTER,STILL|SCATTER,달아나려는 것을 붙잡으면 가라앉는다.,그친 바람,SETTLING,0,
1122,forge__scat_05__tool_01,scat_05|tool_01,scat_05,마른 바람,tool_01,도가니,CATALYST,tool_01,달궈진,scat_05,바람,RESULT_CLASS,CATALYZED_SCATTER,,,달궈진 바람,CATALYZED_SCATTER,0,
1123,forge__scat_05__tool_02,scat_05|tool_02,scat_05,마른 바람,tool_02,집게,CATALYST,tool_02,집어올린,scat_05,바람,RESULT_CLASS,CATALYZED_SCATTER,,,집어올린 바람,CATALYZED_SCATTER,0,
1124,forge__scat_05__tool_03,scat_05|tool_03,scat_05,마른 바람,tool_03,체,CATALYST,tool_03,걸러진,scat_05,바람,RESULT_CLASS,CATALYZED_SCATTER,,,걸러진 바람,CATALYZED_SCATTER,0,
1125,forge__scat_05__tool_04,scat_05|tool_04,scat_05,마른 바람,tool_04,등불,CATALYST,tool_04,밝혀진,scat_05,바람,RESULT_CLASS,CATALYZED_SCATTER,,,밝혀진 바람,CATALYZED_SCATTER,0,
1126,forge__scat_05__tool_05,scat_05|tool_05,scat_05,마른 바람,tool_05,계측기,CATALYST,tool_05,재어진,scat_05,바람,RESULT_CLASS,CATALYZED_SCATTER,,,재어진 바람,CATALYZED_SCATTER,0,
1127,forge__scat_05__tool_06,scat_05|tool_06,scat_05,마른 바람,tool_06,풀무,CATALYST,tool_06,불어넣은,scat_05,바람,RESULT_CLASS,CATALYZED_SCATTER,,,불어넣은 바람,CATALYZED_SCATTER,0,
1128,forge__scat_05__tool_07,scat_05|tool_07,scat_05,마른 바람,tool_07,저울,CATALYST,tool_07,달아본,scat_05,바람,RESULT_CLASS,CATALYZED_SCATTER,,,달아본 바람,CATALYZED_SCATTER,0,
1129,forge__scat_05__tool_08,scat_05|tool_08,scat_05,마른 바람,tool_08,표본 상자,CATALYST,tool_08,갈무리한,scat_05,바람,RESULT_CLASS,CATALYZED_SCATTER,,,갈무리한 바람,CATALYZED_SCATTER,0,
1130,forge__scat_05__tool_09,scat_05|tool_09,scat_05,마른 바람,tool_09,갱도 지도,CATALYST,tool_09,그려진,scat_05,바람,RESULT_CLASS,CATALYZED_SCATTER,,,그려진 바람,CATALYZED_SCATTER,0,
1131,forge__scat_05__tool_10,scat_05|tool_10,scat_05,마른 바람,tool_10,손수레,CATALYST,tool_10,실려온,scat_05,바람,RESULT_CLASS,CATALYZED_SCATTER,,,실려온 바람,CATALYZED_SCATTER,0,
1132,forge__scat_05__wash_01,scat_05|wash_01,scat_05,마른 바람,wash_01,맑은 눈물,LAW,scat_05,마른,wash_01,눈물,LAW,SCATTER|WASH,SCATTER|WASH,씻겨 날아가면 흔적이 없다.,마른 눈물,VANISHING,0,
1133,forge__scat_05__wash_02,scat_05|wash_02,scat_05,마른 바람,wash_02,닳은 돌,LAW,scat_05,마른,wash_02,돌,LAW,SCATTER|WASH,SCATTER|WASH,씻겨 날아가면 흔적이 없다.,마른 돌,VANISHING,0,
1134,forge__scat_05__wash_03,scat_05|wash_03,scat_05,마른 바람,wash_03,빈 껍질,LAW,scat_05,마른,wash_03,껍질,LAW,SCATTER|WASH,SCATTER|WASH,씻겨 날아가면 흔적이 없다.,마른 껍질,VANISHING,0,
1135,forge__scat_05__wash_04,scat_05|wash_04,scat_05,마른 바람,wash_04,지워진 자국,LAW,scat_05,마른,wash_04,자국,LAW,SCATTER|WASH,SCATTER|WASH,씻겨 날아가면 흔적이 없다.,마른 자국,VANISHING,0,
1136,forge__scat_05__wash_05,scat_05|wash_05,scat_05,마른 바람,wash_05,가라앉은 앙금,LAW,scat_05,마른,wash_05,앙금,LAW,SCATTER|WASH,SCATTER|WASH,씻겨 날아가면 흔적이 없다.,마른 앙금,VANISHING,0,
1137,forge__still_01__still_02,still_01|still_02,still_01,서리꽃,still_02,멈춘 물방울,LAW,still_01,서리 낀,still_02,물방울,LAW,STILL|STILL,STILL|STILL,응결이 겹치면 완전히 멈춘다.,서리 낀 물방울,TOTAL_STOP,0,
1138,forge__still_01__still_03,still_01|still_03,still_01,서리꽃,still_03,잠긴 발자국,LAW,still_01,서리 낀,still_03,발자국,LAW,STILL|STILL,STILL|STILL,응결이 겹치면 완전히 멈춘다.,서리 낀 발자국,TOTAL_STOP,0,
1139,forge__still_01__still_04,still_01|still_04,still_01,서리꽃,still_04,굳은 숨,LAW,still_01,서리 낀,still_04,입김,LAW,STILL|STILL,STILL|STILL,응결이 겹치면 완전히 멈춘다.,서리 낀 입김,TOTAL_STOP,0,
1140,forge__still_01__still_05,still_01|still_05,still_01,서리꽃,still_05,그친 종소리,LAW,still_01,서리 낀,still_05,종소리,LAW,STILL|STILL,STILL|STILL,응결이 겹치면 완전히 멈춘다.,서리 낀 종소리,TOTAL_STOP,0,
1141,forge__still_01__tool_01,still_01|tool_01,still_01,서리꽃,tool_01,도가니,CATALYST,tool_01,달궈진,still_01,서리꽃,RESULT_CLASS,CATALYZED_STILL,,,달궈진 서리꽃,CATALYZED_STILL,0,
1142,forge__still_01__tool_02,still_01|tool_02,still_01,서리꽃,tool_02,집게,CATALYST,tool_02,집어올린,still_01,서리꽃,RESULT_CLASS,CATALYZED_STILL,,,집어올린 서리꽃,CATALYZED_STILL,0,
1143,forge__still_01__tool_03,still_01|tool_03,still_01,서리꽃,tool_03,체,CATALYST,tool_03,걸러진,still_01,서리꽃,RESULT_CLASS,CATALYZED_STILL,,,걸러진 서리꽃,CATALYZED_STILL,0,
1144,forge__still_01__tool_04,still_01|tool_04,still_01,서리꽃,tool_04,등불,CATALYST,tool_04,밝혀진,still_01,서리꽃,RESULT_CLASS,CATALYZED_STILL,,,밝혀진 서리꽃,CATALYZED_STILL,0,
1145,forge__still_01__tool_05,still_01|tool_05,still_01,서리꽃,tool_05,계측기,CATALYST,tool_05,재어진,still_01,서리꽃,RESULT_CLASS,CATALYZED_STILL,,,재어진 서리꽃,CATALYZED_STILL,0,
1146,forge__still_01__tool_06,still_01|tool_06,still_01,서리꽃,tool_06,풀무,CATALYST,tool_06,불어넣은,still_01,서리꽃,RESULT_CLASS,CATALYZED_STILL,,,불어넣은 서리꽃,CATALYZED_STILL,0,
1147,forge__still_01__tool_07,still_01|tool_07,still_01,서리꽃,tool_07,저울,CATALYST,tool_07,달아본,still_01,서리꽃,RESULT_CLASS,CATALYZED_STILL,,,달아본 서리꽃,CATALYZED_STILL,0,
1148,forge__still_01__tool_08,still_01|tool_08,still_01,서리꽃,tool_08,표본 상자,CATALYST,tool_08,갈무리한,still_01,서리꽃,RESULT_CLASS,CATALYZED_STILL,,,갈무리한 서리꽃,CATALYZED_STILL,0,
1149,forge__still_01__tool_09,still_01|tool_09,still_01,서리꽃,tool_09,갱도 지도,CATALYST,tool_09,그려진,still_01,서리꽃,RESULT_CLASS,CATALYZED_STILL,,,그려진 서리꽃,CATALYZED_STILL,0,
1150,forge__still_01__tool_10,still_01|tool_10,still_01,서리꽃,tool_10,손수레,CATALYST,tool_10,실려온,still_01,서리꽃,RESULT_CLASS,CATALYZED_STILL,,,실려온 서리꽃,CATALYZED_STILL,0,
1151,forge__still_01__wash_01,still_01|wash_01,still_01,서리꽃,wash_01,맑은 눈물,LAW,still_01,서리 낀,wash_01,눈물,LAW,STILL|WASH,STILL|WASH,걷어낸 것이 굳으면 결정이 된다.,서리 낀 눈물,CRYSTAL,0,
1152,forge__still_01__wash_02,still_01|wash_02,still_01,서리꽃,wash_02,닳은 돌,LAW,still_01,서리 낀,wash_02,돌,LAW,STILL|WASH,STILL|WASH,걷어낸 것이 굳으면 결정이 된다.,서리 낀 돌,CRYSTAL,0,
1153,forge__still_01__wash_03,still_01|wash_03,still_01,서리꽃,wash_03,빈 껍질,LAW,still_01,서리 낀,wash_03,껍질,LAW,STILL|WASH,STILL|WASH,걷어낸 것이 굳으면 결정이 된다.,서리 낀 껍질,CRYSTAL,0,
1154,forge__still_01__wash_04,still_01|wash_04,still_01,서리꽃,wash_04,지워진 자국,LAW,still_01,서리 낀,wash_04,자국,LAW,STILL|WASH,STILL|WASH,걷어낸 것이 굳으면 결정이 된다.,서리 낀 자국,CRYSTAL,0,
1155,forge__still_01__wash_05,still_01|wash_05,still_01,서리꽃,wash_05,가라앉은 앙금,LAW,still_01,서리 낀,wash_05,앙금,LAW,STILL|WASH,STILL|WASH,걷어낸 것이 굳으면 결정이 된다.,서리 낀 앙금,CRYSTAL,0,
1156,forge__still_02__still_03,still_02|still_03,still_02,멈춘 물방울,still_03,잠긴 발자국,LAW,still_02,멈춘,still_03,발자국,LAW,STILL|STILL,STILL|STILL,응결이 겹치면 완전히 멈춘다.,멈춘 발자국,TOTAL_STOP,0,
1157,forge__still_02__still_04,still_02|still_04,still_02,멈춘 물방울,still_04,굳은 숨,LAW,still_02,멈춘,still_04,입김,LAW,STILL|STILL,STILL|STILL,응결이 겹치면 완전히 멈춘다.,멈춘 입김,TOTAL_STOP,0,
1158,forge__still_02__still_05,still_02|still_05,still_02,멈춘 물방울,still_05,그친 종소리,LAW,still_02,멈춘,still_05,종소리,LAW,STILL|STILL,STILL|STILL,응결이 겹치면 완전히 멈춘다.,멈춘 종소리,TOTAL_STOP,0,
1159,forge__still_02__tool_01,still_02|tool_01,still_02,멈춘 물방울,tool_01,도가니,CATALYST,tool_01,달궈진,still_02,물방울,RESULT_CLASS,CATALYZED_STILL,,,달궈진 물방울,CATALYZED_STILL,0,
1160,forge__still_02__tool_02,still_02|tool_02,still_02,멈춘 물방울,tool_02,집게,CATALYST,tool_02,집어올린,still_02,물방울,RESULT_CLASS,CATALYZED_STILL,,,집어올린 물방울,CATALYZED_STILL,0,
1161,forge__still_02__tool_03,still_02|tool_03,still_02,멈춘 물방울,tool_03,체,CATALYST,tool_03,걸러진,still_02,물방울,RESULT_CLASS,CATALYZED_STILL,,,걸러진 물방울,CATALYZED_STILL,0,
1162,forge__still_02__tool_04,still_02|tool_04,still_02,멈춘 물방울,tool_04,등불,CATALYST,tool_04,밝혀진,still_02,물방울,RESULT_CLASS,CATALYZED_STILL,,,밝혀진 물방울,CATALYZED_STILL,0,
1163,forge__still_02__tool_05,still_02|tool_05,still_02,멈춘 물방울,tool_05,계측기,CATALYST,tool_05,재어진,still_02,물방울,RESULT_CLASS,CATALYZED_STILL,,,재어진 물방울,CATALYZED_STILL,0,
1164,forge__still_02__tool_06,still_02|tool_06,still_02,멈춘 물방울,tool_06,풀무,CATALYST,tool_06,불어넣은,still_02,물방울,RESULT_CLASS,CATALYZED_STILL,,,불어넣은 물방울,CATALYZED_STILL,0,
1165,forge__still_02__tool_07,still_02|tool_07,still_02,멈춘 물방울,tool_07,저울,CATALYST,tool_07,달아본,still_02,물방울,RESULT_CLASS,CATALYZED_STILL,,,달아본 물방울,CATALYZED_STILL,0,
1166,forge__still_02__tool_08,still_02|tool_08,still_02,멈춘 물방울,tool_08,표본 상자,CATALYST,tool_08,갈무리한,still_02,물방울,RESULT_CLASS,CATALYZED_STILL,,,갈무리한 물방울,CATALYZED_STILL,0,
1167,forge__still_02__tool_09,still_02|tool_09,still_02,멈춘 물방울,tool_09,갱도 지도,CATALYST,tool_09,그려진,still_02,물방울,RESULT_CLASS,CATALYZED_STILL,,,그려진 물방울,CATALYZED_STILL,0,
1168,forge__still_02__tool_10,still_02|tool_10,still_02,멈춘 물방울,tool_10,손수레,CATALYST,tool_10,실려온,still_02,물방울,RESULT_CLASS,CATALYZED_STILL,,,실려온 물방울,CATALYZED_STILL,0,
1169,forge__still_02__wash_01,still_02|wash_01,still_02,멈춘 물방울,wash_01,맑은 눈물,LAW,still_02,멈춘,wash_01,눈물,LAW,STILL|WASH,STILL|WASH,걷어낸 것이 굳으면 결정이 된다.,멈춘 눈물,CRYSTAL,0,
1170,forge__still_02__wash_02,still_02|wash_02,still_02,멈춘 물방울,wash_02,닳은 돌,LAW,still_02,멈춘,wash_02,돌,LAW,STILL|WASH,STILL|WASH,걷어낸 것이 굳으면 결정이 된다.,멈춘 돌,CRYSTAL,0,
1171,forge__still_02__wash_03,still_02|wash_03,still_02,멈춘 물방울,wash_03,빈 껍질,LAW,still_02,멈춘,wash_03,껍질,LAW,STILL|WASH,STILL|WASH,걷어낸 것이 굳으면 결정이 된다.,멈춘 껍질,CRYSTAL,0,
1172,forge__still_02__wash_04,still_02|wash_04,still_02,멈춘 물방울,wash_04,지워진 자국,LAW,still_02,멈춘,wash_04,자국,LAW,STILL|WASH,STILL|WASH,걷어낸 것이 굳으면 결정이 된다.,멈춘 자국,CRYSTAL,0,
1173,forge__still_02__wash_05,still_02|wash_05,still_02,멈춘 물방울,wash_05,가라앉은 앙금,LAW,still_02,멈춘,wash_05,앙금,LAW,STILL|WASH,STILL|WASH,걷어낸 것이 굳으면 결정이 된다.,멈춘 앙금,CRYSTAL,0,
1174,forge__still_03__still_04,still_03|still_04,still_03,잠긴 발자국,still_04,굳은 숨,LAW,still_03,잠긴,still_04,입김,LAW,STILL|STILL,STILL|STILL,응결이 겹치면 완전히 멈춘다.,잠긴 입김,TOTAL_STOP,0,
1175,forge__still_03__still_05,still_03|still_05,still_03,잠긴 발자국,still_05,그친 종소리,LAW,still_03,잠긴,still_05,종소리,LAW,STILL|STILL,STILL|STILL,응결이 겹치면 완전히 멈춘다.,잠긴 종소리,TOTAL_STOP,0,
1176,forge__still_03__tool_01,still_03|tool_01,still_03,잠긴 발자국,tool_01,도가니,CATALYST,tool_01,달궈진,still_03,발자국,RESULT_CLASS,CATALYZED_STILL,,,달궈진 발자국,CATALYZED_STILL,0,
1177,forge__still_03__tool_02,still_03|tool_02,still_03,잠긴 발자국,tool_02,집게,CATALYST,tool_02,집어올린,still_03,발자국,RESULT_CLASS,CATALYZED_STILL,,,집어올린 발자국,CATALYZED_STILL,0,
1178,forge__still_03__tool_03,still_03|tool_03,still_03,잠긴 발자국,tool_03,체,CATALYST,tool_03,걸러진,still_03,발자국,RESULT_CLASS,CATALYZED_STILL,,,걸러진 발자국,CATALYZED_STILL,0,
1179,forge__still_03__tool_04,still_03|tool_04,still_03,잠긴 발자국,tool_04,등불,CATALYST,tool_04,밝혀진,still_03,발자국,RESULT_CLASS,CATALYZED_STILL,,,밝혀진 발자국,CATALYZED_STILL,0,
1180,forge__still_03__tool_05,still_03|tool_05,still_03,잠긴 발자국,tool_05,계측기,CATALYST,tool_05,재어진,still_03,발자국,RESULT_CLASS,CATALYZED_STILL,,,재어진 발자국,CATALYZED_STILL,0,
1181,forge__still_03__tool_06,still_03|tool_06,still_03,잠긴 발자국,tool_06,풀무,CATALYST,tool_06,불어넣은,still_03,발자국,RESULT_CLASS,CATALYZED_STILL,,,불어넣은 발자국,CATALYZED_STILL,0,
1182,forge__still_03__tool_07,still_03|tool_07,still_03,잠긴 발자국,tool_07,저울,CATALYST,tool_07,달아본,still_03,발자국,RESULT_CLASS,CATALYZED_STILL,,,달아본 발자국,CATALYZED_STILL,0,
1183,forge__still_03__tool_08,still_03|tool_08,still_03,잠긴 발자국,tool_08,표본 상자,CATALYST,tool_08,갈무리한,still_03,발자국,RESULT_CLASS,CATALYZED_STILL,,,갈무리한 발자국,CATALYZED_STILL,0,
1184,forge__still_03__tool_09,still_03|tool_09,still_03,잠긴 발자국,tool_09,갱도 지도,CATALYST,tool_09,그려진,still_03,발자국,RESULT_CLASS,CATALYZED_STILL,,,그려진 발자국,CATALYZED_STILL,0,
1185,forge__still_03__tool_10,still_03|tool_10,still_03,잠긴 발자국,tool_10,손수레,CATALYST,tool_10,실려온,still_03,발자국,RESULT_CLASS,CATALYZED_STILL,,,실려온 발자국,CATALYZED_STILL,0,
1186,forge__still_03__wash_01,still_03|wash_01,still_03,잠긴 발자국,wash_01,맑은 눈물,LAW,still_03,잠긴,wash_01,눈물,LAW,STILL|WASH,STILL|WASH,걷어낸 것이 굳으면 결정이 된다.,잠긴 눈물,CRYSTAL,0,
1187,forge__still_03__wash_02,still_03|wash_02,still_03,잠긴 발자국,wash_02,닳은 돌,LAW,still_03,잠긴,wash_02,돌,LAW,STILL|WASH,STILL|WASH,걷어낸 것이 굳으면 결정이 된다.,잠긴 돌,CRYSTAL,0,
1188,forge__still_03__wash_03,still_03|wash_03,still_03,잠긴 발자국,wash_03,빈 껍질,LAW,still_03,잠긴,wash_03,껍질,LAW,STILL|WASH,STILL|WASH,걷어낸 것이 굳으면 결정이 된다.,잠긴 껍질,CRYSTAL,0,
1189,forge__still_03__wash_04,still_03|wash_04,still_03,잠긴 발자국,wash_04,지워진 자국,LAW,still_03,잠긴,wash_04,자국,LAW,STILL|WASH,STILL|WASH,걷어낸 것이 굳으면 결정이 된다.,잠긴 자국,CRYSTAL,0,
1190,forge__still_03__wash_05,still_03|wash_05,still_03,잠긴 발자국,wash_05,가라앉은 앙금,LAW,still_03,잠긴,wash_05,앙금,LAW,STILL|WASH,STILL|WASH,걷어낸 것이 굳으면 결정이 된다.,잠긴 앙금,CRYSTAL,0,
1191,forge__still_04__still_05,still_04|still_05,still_04,굳은 숨,still_05,그친 종소리,LAW,still_04,숨 멎은,still_05,종소리,LAW,STILL|STILL,STILL|STILL,응결이 겹치면 완전히 멈춘다.,숨 멎은 종소리,TOTAL_STOP,0,
1192,forge__still_04__tool_01,still_04|tool_01,still_04,굳은 숨,tool_01,도가니,CATALYST,tool_01,달궈진,still_04,입김,RESULT_CLASS,CATALYZED_STILL,,,달궈진 입김,CATALYZED_STILL,0,
1193,forge__still_04__tool_02,still_04|tool_02,still_04,굳은 숨,tool_02,집게,CATALYST,tool_02,집어올린,still_04,입김,RESULT_CLASS,CATALYZED_STILL,,,집어올린 입김,CATALYZED_STILL,0,
1194,forge__still_04__tool_03,still_04|tool_03,still_04,굳은 숨,tool_03,체,CATALYST,tool_03,걸러진,still_04,입김,RESULT_CLASS,CATALYZED_STILL,,,걸러진 입김,CATALYZED_STILL,0,
1195,forge__still_04__tool_04,still_04|tool_04,still_04,굳은 숨,tool_04,등불,CATALYST,tool_04,밝혀진,still_04,입김,RESULT_CLASS,CATALYZED_STILL,,,밝혀진 입김,CATALYZED_STILL,0,
1196,forge__still_04__tool_05,still_04|tool_05,still_04,굳은 숨,tool_05,계측기,CATALYST,tool_05,재어진,still_04,입김,RESULT_CLASS,CATALYZED_STILL,,,재어진 입김,CATALYZED_STILL,0,
1197,forge__still_04__tool_06,still_04|tool_06,still_04,굳은 숨,tool_06,풀무,CATALYST,tool_06,불어넣은,still_04,입김,RESULT_CLASS,CATALYZED_STILL,,,불어넣은 입김,CATALYZED_STILL,0,
1198,forge__still_04__tool_07,still_04|tool_07,still_04,굳은 숨,tool_07,저울,CATALYST,tool_07,달아본,still_04,입김,RESULT_CLASS,CATALYZED_STILL,,,달아본 입김,CATALYZED_STILL,0,
1199,forge__still_04__tool_08,still_04|tool_08,still_04,굳은 숨,tool_08,표본 상자,CATALYST,tool_08,갈무리한,still_04,입김,RESULT_CLASS,CATALYZED_STILL,,,갈무리한 입김,CATALYZED_STILL,0,
1200,forge__still_04__tool_09,still_04|tool_09,still_04,굳은 숨,tool_09,갱도 지도,CATALYST,tool_09,그려진,still_04,입김,RESULT_CLASS,CATALYZED_STILL,,,그려진 입김,CATALYZED_STILL,0,
1201,forge__still_04__tool_10,still_04|tool_10,still_04,굳은 숨,tool_10,손수레,CATALYST,tool_10,실려온,still_04,입김,RESULT_CLASS,CATALYZED_STILL,,,실려온 입김,CATALYZED_STILL,0,
1202,forge__still_04__wash_01,still_04|wash_01,still_04,굳은 숨,wash_01,맑은 눈물,LAW,still_04,숨 멎은,wash_01,눈물,LAW,STILL|WASH,STILL|WASH,걷어낸 것이 굳으면 결정이 된다.,숨 멎은 눈물,CRYSTAL,0,
1203,forge__still_04__wash_02,still_04|wash_02,still_04,굳은 숨,wash_02,닳은 돌,LAW,still_04,숨 멎은,wash_02,돌,LAW,STILL|WASH,STILL|WASH,걷어낸 것이 굳으면 결정이 된다.,숨 멎은 돌,CRYSTAL,0,
1204,forge__still_04__wash_03,still_04|wash_03,still_04,굳은 숨,wash_03,빈 껍질,LAW,still_04,숨 멎은,wash_03,껍질,LAW,STILL|WASH,STILL|WASH,걷어낸 것이 굳으면 결정이 된다.,숨 멎은 껍질,CRYSTAL,0,
1205,forge__still_04__wash_04,still_04|wash_04,still_04,굳은 숨,wash_04,지워진 자국,LAW,still_04,숨 멎은,wash_04,자국,LAW,STILL|WASH,STILL|WASH,걷어낸 것이 굳으면 결정이 된다.,숨 멎은 자국,CRYSTAL,0,
1206,forge__still_04__wash_05,still_04|wash_05,still_04,굳은 숨,wash_05,가라앉은 앙금,LAW,still_04,숨 멎은,wash_05,앙금,LAW,STILL|WASH,STILL|WASH,걷어낸 것이 굳으면 결정이 된다.,숨 멎은 앙금,CRYSTAL,0,
1207,forge__still_05__tool_01,still_05|tool_01,still_05,그친 종소리,tool_01,도가니,CATALYST,tool_01,달궈진,still_05,종소리,RESULT_CLASS,CATALYZED_STILL,,,달궈진 종소리,CATALYZED_STILL,0,
1208,forge__still_05__tool_02,still_05|tool_02,still_05,그친 종소리,tool_02,집게,CATALYST,tool_02,집어올린,still_05,종소리,RESULT_CLASS,CATALYZED_STILL,,,집어올린 종소리,CATALYZED_STILL,0,
1209,forge__still_05__tool_03,still_05|tool_03,still_05,그친 종소리,tool_03,체,CATALYST,tool_03,걸러진,still_05,종소리,RESULT_CLASS,CATALYZED_STILL,,,걸러진 종소리,CATALYZED_STILL,0,
1210,forge__still_05__tool_04,still_05|tool_04,still_05,그친 종소리,tool_04,등불,CATALYST,tool_04,밝혀진,still_05,종소리,RESULT_CLASS,CATALYZED_STILL,,,밝혀진 종소리,CATALYZED_STILL,0,
1211,forge__still_05__tool_05,still_05|tool_05,still_05,그친 종소리,tool_05,계측기,CATALYST,tool_05,재어진,still_05,종소리,RESULT_CLASS,CATALYZED_STILL,,,재어진 종소리,CATALYZED_STILL,0,
1212,forge__still_05__tool_06,still_05|tool_06,still_05,그친 종소리,tool_06,풀무,CATALYST,tool_06,불어넣은,still_05,종소리,RESULT_CLASS,CATALYZED_STILL,,,불어넣은 종소리,CATALYZED_STILL,0,
1213,forge__still_05__tool_07,still_05|tool_07,still_05,그친 종소리,tool_07,저울,CATALYST,tool_07,달아본,still_05,종소리,RESULT_CLASS,CATALYZED_STILL,,,달아본 종소리,CATALYZED_STILL,0,
1214,forge__still_05__tool_08,still_05|tool_08,still_05,그친 종소리,tool_08,표본 상자,CATALYST,tool_08,갈무리한,still_05,종소리,RESULT_CLASS,CATALYZED_STILL,,,갈무리한 종소리,CATALYZED_STILL,0,
1215,forge__still_05__tool_09,still_05|tool_09,still_05,그친 종소리,tool_09,갱도 지도,CATALYST,tool_09,그려진,still_05,종소리,RESULT_CLASS,CATALYZED_STILL,,,그려진 종소리,CATALYZED_STILL,0,
1216,forge__still_05__tool_10,still_05|tool_10,still_05,그친 종소리,tool_10,손수레,CATALYST,tool_10,실려온,still_05,종소리,RESULT_CLASS,CATALYZED_STILL,,,실려온 종소리,CATALYZED_STILL,0,
1217,forge__still_05__wash_01,still_05|wash_01,still_05,그친 종소리,wash_01,맑은 눈물,LAW,still_05,그친,wash_01,눈물,LAW,STILL|WASH,STILL|WASH,걷어낸 것이 굳으면 결정이 된다.,그친 눈물,CRYSTAL,0,
1218,forge__still_05__wash_02,still_05|wash_02,still_05,그친 종소리,wash_02,닳은 돌,LAW,still_05,그친,wash_02,돌,LAW,STILL|WASH,STILL|WASH,걷어낸 것이 굳으면 결정이 된다.,그친 돌,CRYSTAL,0,
1219,forge__still_05__wash_03,still_05|wash_03,still_05,그친 종소리,wash_03,빈 껍질,LAW,still_05,그친,wash_03,껍질,LAW,STILL|WASH,STILL|WASH,걷어낸 것이 굳으면 결정이 된다.,그친 껍질,CRYSTAL,0,
1220,forge__still_05__wash_04,still_05|wash_04,still_05,그친 종소리,wash_04,지워진 자국,LAW,still_05,그친,wash_04,자국,LAW,STILL|WASH,STILL|WASH,걷어낸 것이 굳으면 결정이 된다.,그친 자국,CRYSTAL,0,
1221,forge__still_05__wash_05,still_05|wash_05,still_05,그친 종소리,wash_05,가라앉은 앙금,LAW,still_05,그친,wash_05,앙금,LAW,STILL|WASH,STILL|WASH,걷어낸 것이 굳으면 결정이 된다.,그친 앙금,CRYSTAL,0,
1222,forge__tool_01__tool_02,tool_01|tool_02,tool_01,도가니,tool_02,집게,EQUIPMENT,tool_01,달궈진,tool_02,집게,DOMAIN_PAIR,FORGE|HAND / EQUIPMENT_FORGE_HAND: 빚기 후 드로우,,,달궈진 집게,EQUIPMENT,0,
1223,forge__tool_01__tool_03,tool_01|tool_03,tool_01,도가니,tool_03,체,EQUIPMENT,tool_01,달궈진,tool_03,체,DOMAIN_PAIR,FORGE|DECK / EQUIPMENT_FORGE_DECK: 빚기 시 덱 정리,,,달궈진 체,EQUIPMENT,0,
1224,forge__tool_01__tool_04,tool_01|tool_04,tool_01,도가니,tool_04,등불,EQUIPMENT,tool_01,달궈진,tool_04,등불,DOMAIN_PAIR,FORGE|INFO / EQUIPMENT_FORGE_INFO: 결과 미리보기,,,달궈진 등불,EQUIPMENT,0,
1225,forge__tool_01__tool_05,tool_01|tool_05,tool_01,도가니,tool_05,계측기,EQUIPMENT,tool_01,달궈진,tool_05,계측기,DOMAIN_PAIR,FORGE|SCALE / EQUIPMENT_FORGE_SCALE: 빚기 결과 증폭,,,달궈진 계측기,EQUIPMENT,0,
1226,forge__tool_01__tool_06,tool_01|tool_06,tool_01,도가니,tool_06,풀무,EQUIPMENT,tool_01,달궈진,tool_06,풀무,DOMAIN_PAIR,FORGE|ENERGY / EQUIPMENT_FORGE_ENERGY: 빚기 비용 감소,,,달궈진 풀무,EQUIPMENT,0,
1227,forge__tool_01__tool_07,tool_01|tool_07,tool_01,도가니,tool_07,저울,EQUIPMENT,tool_01,달궈진,tool_07,저울,DOMAIN_PAIR,FORGE|BALANCE / EQUIPMENT_FORGE_BALANCE: 속성 균형 시 빚기 강화,,,달궈진 저울,EQUIPMENT,0,
1228,forge__tool_01__tool_08,tool_01|tool_08,tool_01,도가니,tool_08,표본 상자,EQUIPMENT,tool_01,달궈진,tool_08,표본 상자,DOMAIN_PAIR,FORGE|KEEP / EQUIPMENT_FORGE_KEEP: 즉석 결과 1장 유지,,,달궈진 표본 상자,EQUIPMENT,0,
1229,forge__tool_01__tool_09,tool_01|tool_09,tool_01,도가니,tool_09,갱도 지도,EQUIPMENT,tool_01,달궈진,tool_09,지도,DOMAIN_PAIR,FORGE|ROUTE / EQUIPMENT_FORGE_ROUTE: 터마다 빚기 1회 무료,,,달궈진 지도,EQUIPMENT,0,
1230,forge__tool_01__tool_10,tool_01|tool_10,tool_01,도가니,tool_10,손수레,EQUIPMENT,tool_01,달궈진,tool_10,손수레,DOMAIN_PAIR,FORGE|CARRY / EQUIPMENT_FORGE_CARRY: 재료 추가 획득,,,달궈진 손수레,EQUIPMENT,0,
1231,forge__tool_01__wash_01,tool_01|wash_01,tool_01,도가니,wash_01,맑은 눈물,CATALYST,tool_01,달궈진,wash_01,눈물,RESULT_CLASS,CATALYZED_WASH,,,달궈진 눈물,CATALYZED_WASH,0,
1232,forge__tool_01__wash_02,tool_01|wash_02,tool_01,도가니,wash_02,닳은 돌,CATALYST,tool_01,달궈진,wash_02,돌,RESULT_CLASS,CATALYZED_WASH,,,달궈진 돌,CATALYZED_WASH,0,
1233,forge__tool_01__wash_03,tool_01|wash_03,tool_01,도가니,wash_03,빈 껍질,CATALYST,tool_01,달궈진,wash_03,껍질,RESULT_CLASS,CATALYZED_WASH,,,달궈진 껍질,CATALYZED_WASH,0,
1234,forge__tool_01__wash_04,tool_01|wash_04,tool_01,도가니,wash_04,지워진 자국,CATALYST,tool_01,달궈진,wash_04,자국,RESULT_CLASS,CATALYZED_WASH,,,달궈진 자국,CATALYZED_WASH,0,
1235,forge__tool_01__wash_05,tool_01|wash_05,tool_01,도가니,wash_05,가라앉은 앙금,CATALYST,tool_01,달궈진,wash_05,앙금,RESULT_CLASS,CATALYZED_WASH,,,달궈진 앙금,CATALYZED_WASH,0,
1236,forge__tool_02__tool_03,tool_02|tool_03,tool_02,집게,tool_03,체,EQUIPMENT,tool_02,집어올린,tool_03,체,DOMAIN_PAIR,HAND|DECK / EQUIPMENT_HAND_DECK: 드로우 후 덱 정리,,,집어올린 체,EQUIPMENT,0,
1237,forge__tool_02__tool_04,tool_02|tool_04,tool_02,집게,tool_04,등불,EQUIPMENT,tool_02,집어올린,tool_04,등불,DOMAIN_PAIR,HAND|INFO / EQUIPMENT_HAND_INFO: 드로우 전 확인,,,집어올린 등불,EQUIPMENT,0,
1238,forge__tool_02__tool_05,tool_02|tool_05,tool_02,집게,tool_05,계측기,EQUIPMENT,tool_02,집어올린,tool_05,계측기,DOMAIN_PAIR,HAND|SCALE / EQUIPMENT_HAND_SCALE: 손패 수만큼 증폭,,,집어올린 계측기,EQUIPMENT,0,
1239,forge__tool_02__tool_06,tool_02|tool_06,tool_02,집게,tool_06,풀무,EQUIPMENT,tool_02,집어올린,tool_06,풀무,DOMAIN_PAIR,HAND|ENERGY / EQUIPMENT_HAND_ENERGY: 드로우 시 에너지,,,집어올린 풀무,EQUIPMENT,0,
1240,forge__tool_02__tool_07,tool_02|tool_07,tool_02,집게,tool_07,저울,EQUIPMENT,tool_02,집어올린,tool_07,저울,DOMAIN_PAIR,HAND|BALANCE / EQUIPMENT_HAND_BALANCE: 손패 균형 보상,,,집어올린 저울,EQUIPMENT,0,
1241,forge__tool_02__tool_08,tool_02|tool_08,tool_02,집게,tool_08,표본 상자,EQUIPMENT,tool_02,집어올린,tool_08,표본 상자,DOMAIN_PAIR,HAND|KEEP / EQUIPMENT_HAND_KEEP: 손패 1장 이월,,,집어올린 표본 상자,EQUIPMENT,0,
1242,forge__tool_02__tool_09,tool_02|tool_09,tool_02,집게,tool_09,갱도 지도,EQUIPMENT,tool_02,집어올린,tool_09,지도,DOMAIN_PAIR,HAND|ROUTE / EQUIPMENT_HAND_ROUTE: 경로 선택지 증가,,,집어올린 지도,EQUIPMENT,0,
1243,forge__tool_02__tool_10,tool_02|tool_10,tool_02,집게,tool_10,손수레,EQUIPMENT,tool_02,집어올린,tool_10,손수레,DOMAIN_PAIR,HAND|CARRY / EQUIPMENT_HAND_CARRY: 손패 한도 증가,,,집어올린 손수레,EQUIPMENT,0,
1244,forge__tool_02__wash_01,tool_02|wash_01,tool_02,집게,wash_01,맑은 눈물,CATALYST,tool_02,집어올린,wash_01,눈물,RESULT_CLASS,CATALYZED_WASH,,,집어올린 눈물,CATALYZED_WASH,0,
1245,forge__tool_02__wash_02,tool_02|wash_02,tool_02,집게,wash_02,닳은 돌,CATALYST,tool_02,집어올린,wash_02,돌,RESULT_CLASS,CATALYZED_WASH,,,집어올린 돌,CATALYZED_WASH,0,
1246,forge__tool_02__wash_03,tool_02|wash_03,tool_02,집게,wash_03,빈 껍질,CATALYST,tool_02,집어올린,wash_03,껍질,RESULT_CLASS,CATALYZED_WASH,,,집어올린 껍질,CATALYZED_WASH,0,
1247,forge__tool_02__wash_04,tool_02|wash_04,tool_02,집게,wash_04,지워진 자국,CATALYST,tool_02,집어올린,wash_04,자국,RESULT_CLASS,CATALYZED_WASH,,,집어올린 자국,CATALYZED_WASH,0,
1248,forge__tool_02__wash_05,tool_02|wash_05,tool_02,집게,wash_05,가라앉은 앙금,CATALYST,tool_02,집어올린,wash_05,앙금,RESULT_CLASS,CATALYZED_WASH,,,집어올린 앙금,CATALYZED_WASH,0,
1249,forge__tool_03__tool_04,tool_03|tool_04,tool_03,체,tool_04,등불,EQUIPMENT,tool_03,걸러진,tool_04,등불,DOMAIN_PAIR,DECK|INFO / EQUIPMENT_DECK_INFO: 덱 상단 공개,,,걸러진 등불,EQUIPMENT,0,
1250,forge__tool_03__tool_05,tool_03|tool_05,tool_03,체,tool_05,계측기,EQUIPMENT,tool_03,걸러진,tool_05,계측기,DOMAIN_PAIR,DECK|SCALE / EQUIPMENT_DECK_SCALE: 얇을수록 증폭,,,걸러진 계측기,EQUIPMENT,0,
1251,forge__tool_03__tool_06,tool_03|tool_06,tool_03,체,tool_06,풀무,EQUIPMENT,tool_03,걸러진,tool_06,풀무,DOMAIN_PAIR,DECK|ENERGY / EQUIPMENT_DECK_ENERGY: 카드 제거 시 에너지,,,걸러진 풀무,EQUIPMENT,0,
1252,forge__tool_03__tool_07,tool_03|tool_07,tool_03,체,tool_07,저울,EQUIPMENT,tool_03,걸러진,tool_07,저울,DOMAIN_PAIR,DECK|BALANCE / EQUIPMENT_DECK_BALANCE: 덱 속성 균형 보상,,,걸러진 저울,EQUIPMENT,0,
1253,forge__tool_03__tool_08,tool_03|tool_08,tool_03,체,tool_08,표본 상자,EQUIPMENT,tool_03,걸러진,tool_08,표본 상자,DOMAIN_PAIR,DECK|KEEP / EQUIPMENT_DECK_KEEP: 제거 카드 보관,,,걸러진 표본 상자,EQUIPMENT,0,
1254,forge__tool_03__tool_09,tool_03|tool_09,tool_03,체,tool_09,갱도 지도,EQUIPMENT,tool_03,걸러진,tool_09,지도,DOMAIN_PAIR,DECK|ROUTE / EQUIPMENT_DECK_ROUTE: 덱 정리 보상,,,걸러진 지도,EQUIPMENT,0,
1255,forge__tool_03__tool_10,tool_03|tool_10,tool_03,체,tool_10,손수레,EQUIPMENT,tool_03,걸러진,tool_10,손수레,DOMAIN_PAIR,DECK|CARRY / EQUIPMENT_DECK_CARRY: 획득 시 자동 정리,,,걸러진 손수레,EQUIPMENT,0,
1256,forge__tool_03__wash_01,tool_03|wash_01,tool_03,체,wash_01,맑은 눈물,CATALYST,tool_03,걸러진,wash_01,눈물,RESULT_CLASS,CATALYZED_WASH,,,걸러진 눈물,CATALYZED_WASH,0,
1257,forge__tool_03__wash_02,tool_03|wash_02,tool_03,체,wash_02,닳은 돌,CATALYST,tool_03,걸러진,wash_02,돌,RESULT_CLASS,CATALYZED_WASH,,,걸러진 돌,CATALYZED_WASH,0,
1258,forge__tool_03__wash_03,tool_03|wash_03,tool_03,체,wash_03,빈 껍질,CATALYST,tool_03,걸러진,wash_03,껍질,RESULT_CLASS,CATALYZED_WASH,,,걸러진 껍질,CATALYZED_WASH,0,
1259,forge__tool_03__wash_04,tool_03|wash_04,tool_03,체,wash_04,지워진 자국,CATALYST,tool_03,걸러진,wash_04,자국,RESULT_CLASS,CATALYZED_WASH,,,걸러진 자국,CATALYZED_WASH,0,
1260,forge__tool_03__wash_05,tool_03|wash_05,tool_03,체,wash_05,가라앉은 앙금,CATALYST,tool_03,걸러진,wash_05,앙금,RESULT_CLASS,CATALYZED_WASH,,,걸러진 앙금,CATALYZED_WASH,0,
1261,forge__tool_04__tool_05,tool_04|tool_05,tool_04,등불,tool_05,계측기,EQUIPMENT,tool_04,밝혀진,tool_05,계측기,DOMAIN_PAIR,INFO|SCALE / EQUIPMENT_INFO_SCALE: 적 수치 공개,,,밝혀진 계측기,EQUIPMENT,0,
1262,forge__tool_04__tool_06,tool_04|tool_06,tool_04,등불,tool_06,풀무,EQUIPMENT,tool_04,밝혀진,tool_06,풀무,DOMAIN_PAIR,INFO|ENERGY / EQUIPMENT_INFO_ENERGY: 정보 획득 시 에너지,,,밝혀진 풀무,EQUIPMENT,0,
1263,forge__tool_04__tool_07,tool_04|tool_07,tool_04,등불,tool_07,저울,EQUIPMENT,tool_04,밝혀진,tool_07,저울,DOMAIN_PAIR,INFO|BALANCE / EQUIPMENT_INFO_BALANCE: 적 속성 공개,,,밝혀진 저울,EQUIPMENT,0,
1264,forge__tool_04__tool_08,tool_04|tool_08,tool_04,등불,tool_08,표본 상자,EQUIPMENT,tool_04,밝혀진,tool_08,표본 상자,DOMAIN_PAIR,INFO|KEEP / EQUIPMENT_INFO_KEEP: 본 카드 예약,,,밝혀진 표본 상자,EQUIPMENT,0,
1265,forge__tool_04__tool_09,tool_04|tool_09,tool_04,등불,tool_09,갱도 지도,EQUIPMENT,tool_04,밝혀진,tool_09,지도,DOMAIN_PAIR,INFO|ROUTE / EQUIPMENT_INFO_ROUTE: 다음 터 미리보기,,,밝혀진 지도,EQUIPMENT,0,
1266,forge__tool_04__tool_10,tool_04|tool_10,tool_04,등불,tool_10,손수레,EQUIPMENT,tool_04,밝혀진,tool_10,손수레,DOMAIN_PAIR,INFO|CARRY / EQUIPMENT_INFO_CARRY: 숨은 재료 발견,,,밝혀진 손수레,EQUIPMENT,0,
1267,forge__tool_04__wash_01,tool_04|wash_01,tool_04,등불,wash_01,맑은 눈물,CATALYST,tool_04,밝혀진,wash_01,눈물,RESULT_CLASS,CATALYZED_WASH,,,밝혀진 눈물,CATALYZED_WASH,0,
1268,forge__tool_04__wash_02,tool_04|wash_02,tool_04,등불,wash_02,닳은 돌,CATALYST,tool_04,밝혀진,wash_02,돌,RESULT_CLASS,CATALYZED_WASH,,,밝혀진 돌,CATALYZED_WASH,0,
1269,forge__tool_04__wash_03,tool_04|wash_03,tool_04,등불,wash_03,빈 껍질,CATALYST,tool_04,밝혀진,wash_03,껍질,RESULT_CLASS,CATALYZED_WASH,,,밝혀진 껍질,CATALYZED_WASH,0,
1270,forge__tool_04__wash_04,tool_04|wash_04,tool_04,등불,wash_04,지워진 자국,CATALYST,tool_04,밝혀진,wash_04,자국,RESULT_CLASS,CATALYZED_WASH,,,밝혀진 자국,CATALYZED_WASH,0,
1271,forge__tool_04__wash_05,tool_04|wash_05,tool_04,등불,wash_05,가라앉은 앙금,CATALYST,tool_04,밝혀진,wash_05,앙금,RESULT_CLASS,CATALYZED_WASH,,,밝혀진 앙금,CATALYZED_WASH,0,
1272,forge__tool_05__tool_06,tool_05|tool_06,tool_05,계측기,tool_06,풀무,EQUIPMENT,tool_05,재어진,tool_06,풀무,DOMAIN_PAIR,SCALE|ENERGY / EQUIPMENT_SCALE_ENERGY: 에너지당 증폭,,,재어진 풀무,EQUIPMENT,0,
1273,forge__tool_05__tool_07,tool_05|tool_07,tool_05,계측기,tool_07,저울,EQUIPMENT,tool_05,재어진,tool_07,저울,DOMAIN_PAIR,SCALE|BALANCE / EQUIPMENT_SCALE_BALANCE: 균형 시 증폭,,,재어진 저울,EQUIPMENT,0,
1274,forge__tool_05__tool_08,tool_05|tool_08,tool_05,계측기,tool_08,표본 상자,EQUIPMENT,tool_05,재어진,tool_08,표본 상자,DOMAIN_PAIR,SCALE|KEEP / EQUIPMENT_SCALE_KEEP: 증폭 상태 이월,,,재어진 표본 상자,EQUIPMENT,0,
1275,forge__tool_05__tool_09,tool_05|tool_09,tool_05,계측기,tool_09,갱도 지도,EQUIPMENT,tool_05,재어진,tool_09,지도,DOMAIN_PAIR,SCALE|ROUTE / EQUIPMENT_SCALE_ROUTE: 고심도 보상 증가,,,재어진 지도,EQUIPMENT,0,
1276,forge__tool_05__tool_10,tool_05|tool_10,tool_05,계측기,tool_10,손수레,EQUIPMENT,tool_05,재어진,tool_10,손수레,DOMAIN_PAIR,SCALE|CARRY / EQUIPMENT_SCALE_CARRY: 획득량 증폭,,,재어진 손수레,EQUIPMENT,0,
1277,forge__tool_05__wash_01,tool_05|wash_01,tool_05,계측기,wash_01,맑은 눈물,CATALYST,tool_05,재어진,wash_01,눈물,RESULT_CLASS,CATALYZED_WASH,,,재어진 눈물,CATALYZED_WASH,0,
1278,forge__tool_05__wash_02,tool_05|wash_02,tool_05,계측기,wash_02,닳은 돌,CATALYST,tool_05,재어진,wash_02,돌,RESULT_CLASS,CATALYZED_WASH,,,재어진 돌,CATALYZED_WASH,0,
1279,forge__tool_05__wash_03,tool_05|wash_03,tool_05,계측기,wash_03,빈 껍질,CATALYST,tool_05,재어진,wash_03,껍질,RESULT_CLASS,CATALYZED_WASH,,,재어진 껍질,CATALYZED_WASH,0,
1280,forge__tool_05__wash_04,tool_05|wash_04,tool_05,계측기,wash_04,지워진 자국,CATALYST,tool_05,재어진,wash_04,자국,RESULT_CLASS,CATALYZED_WASH,,,재어진 자국,CATALYZED_WASH,0,
1281,forge__tool_05__wash_05,tool_05|wash_05,tool_05,계측기,wash_05,가라앉은 앙금,CATALYST,tool_05,재어진,wash_05,앙금,RESULT_CLASS,CATALYZED_WASH,,,재어진 앙금,CATALYZED_WASH,0,
1282,forge__tool_06__tool_07,tool_06|tool_07,tool_06,풀무,tool_07,저울,EQUIPMENT,tool_06,불어넣은,tool_07,저울,DOMAIN_PAIR,ENERGY|BALANCE / EQUIPMENT_ENERGY_BALANCE: 균형 시 에너지,,,불어넣은 저울,EQUIPMENT,0,
1283,forge__tool_06__tool_08,tool_06|tool_08,tool_06,풀무,tool_08,표본 상자,EQUIPMENT,tool_06,불어넣은,tool_08,표본 상자,DOMAIN_PAIR,ENERGY|KEEP / EQUIPMENT_ENERGY_KEEP: 잔여 에너지 이월,,,불어넣은 표본 상자,EQUIPMENT,0,
1284,forge__tool_06__tool_09,tool_06|tool_09,tool_06,풀무,tool_09,갱도 지도,EQUIPMENT,tool_06,불어넣은,tool_09,지도,DOMAIN_PAIR,ENERGY|ROUTE / EQUIPMENT_ENERGY_ROUTE: 터 진입 시 에너지,,,불어넣은 지도,EQUIPMENT,0,
1285,forge__tool_06__tool_10,tool_06|tool_10,tool_06,풀무,tool_10,손수레,EQUIPMENT,tool_06,불어넣은,tool_10,손수레,DOMAIN_PAIR,ENERGY|CARRY / EQUIPMENT_ENERGY_CARRY: 운반량만큼 에너지,,,불어넣은 손수레,EQUIPMENT,0,
1286,forge__tool_06__wash_01,tool_06|wash_01,tool_06,풀무,wash_01,맑은 눈물,CATALYST,tool_06,불어넣은,wash_01,눈물,RESULT_CLASS,CATALYZED_WASH,,,불어넣은 눈물,CATALYZED_WASH,0,
1287,forge__tool_06__wash_02,tool_06|wash_02,tool_06,풀무,wash_02,닳은 돌,CATALYST,tool_06,불어넣은,wash_02,돌,RESULT_CLASS,CATALYZED_WASH,,,불어넣은 돌,CATALYZED_WASH,0,
1288,forge__tool_06__wash_03,tool_06|wash_03,tool_06,풀무,wash_03,빈 껍질,CATALYST,tool_06,불어넣은,wash_03,껍질,RESULT_CLASS,CATALYZED_WASH,,,불어넣은 껍질,CATALYZED_WASH,0,
1289,forge__tool_06__wash_04,tool_06|wash_04,tool_06,풀무,wash_04,지워진 자국,CATALYST,tool_06,불어넣은,wash_04,자국,RESULT_CLASS,CATALYZED_WASH,,,불어넣은 자국,CATALYZED_WASH,0,
1290,forge__tool_06__wash_05,tool_06|wash_05,tool_06,풀무,wash_05,가라앉은 앙금,CATALYST,tool_06,불어넣은,wash_05,앙금,RESULT_CLASS,CATALYZED_WASH,,,불어넣은 앙금,CATALYZED_WASH,0,
1291,forge__tool_07__tool_08,tool_07|tool_08,tool_07,저울,tool_08,표본 상자,EQUIPMENT,tool_07,달아본,tool_08,표본 상자,DOMAIN_PAIR,BALANCE|KEEP / EQUIPMENT_BALANCE_KEEP: 균형 상태 이월,,,달아본 표본 상자,EQUIPMENT,0,
1292,forge__tool_07__tool_09,tool_07|tool_09,tool_07,저울,tool_09,갱도 지도,EQUIPMENT,tool_07,달아본,tool_09,지도,DOMAIN_PAIR,BALANCE|ROUTE / EQUIPMENT_BALANCE_ROUTE: 균형 시 경로 추가,,,달아본 지도,EQUIPMENT,0,
1293,forge__tool_07__tool_10,tool_07|tool_10,tool_07,저울,tool_10,손수레,EQUIPMENT,tool_07,달아본,tool_10,손수레,DOMAIN_PAIR,BALANCE|CARRY / EQUIPMENT_BALANCE_CARRY: 균등 획득,,,달아본 손수레,EQUIPMENT,0,
1294,forge__tool_07__wash_01,tool_07|wash_01,tool_07,저울,wash_01,맑은 눈물,CATALYST,tool_07,달아본,wash_01,눈물,RESULT_CLASS,CATALYZED_WASH,,,달아본 눈물,CATALYZED_WASH,0,
1295,forge__tool_07__wash_02,tool_07|wash_02,tool_07,저울,wash_02,닳은 돌,CATALYST,tool_07,달아본,wash_02,돌,RESULT_CLASS,CATALYZED_WASH,,,달아본 돌,CATALYZED_WASH,0,
1296,forge__tool_07__wash_03,tool_07|wash_03,tool_07,저울,wash_03,빈 껍질,CATALYST,tool_07,달아본,wash_03,껍질,RESULT_CLASS,CATALYZED_WASH,,,달아본 껍질,CATALYZED_WASH,0,
1297,forge__tool_07__wash_04,tool_07|wash_04,tool_07,저울,wash_04,지워진 자국,CATALYST,tool_07,달아본,wash_04,자국,RESULT_CLASS,CATALYZED_WASH,,,달아본 자국,CATALYZED_WASH,0,
1298,forge__tool_07__wash_05,tool_07|wash_05,tool_07,저울,wash_05,가라앉은 앙금,CATALYST,tool_07,달아본,wash_05,앙금,RESULT_CLASS,CATALYZED_WASH,,,달아본 앙금,CATALYZED_WASH,0,
1299,forge__tool_08__tool_09,tool_08|tool_09,tool_08,표본 상자,tool_09,갱도 지도,EQUIPMENT,tool_08,갈무리한,tool_09,지도,DOMAIN_PAIR,KEEP|ROUTE / EQUIPMENT_KEEP_ROUTE: 터 간 이월,,,갈무리한 지도,EQUIPMENT,0,
1300,forge__tool_08__tool_10,tool_08|tool_10,tool_08,표본 상자,tool_10,손수레,EQUIPMENT,tool_08,갈무리한,tool_10,손수레,DOMAIN_PAIR,KEEP|CARRY / EQUIPMENT_KEEP_CARRY: 보관 한도 증가,,,갈무리한 손수레,EQUIPMENT,0,
1301,forge__tool_08__wash_01,tool_08|wash_01,tool_08,표본 상자,wash_01,맑은 눈물,CATALYST,tool_08,갈무리한,wash_01,눈물,RESULT_CLASS,CATALYZED_WASH,,,갈무리한 눈물,CATALYZED_WASH,0,
1302,forge__tool_08__wash_02,tool_08|wash_02,tool_08,표본 상자,wash_02,닳은 돌,CATALYST,tool_08,갈무리한,wash_02,돌,RESULT_CLASS,CATALYZED_WASH,,,갈무리한 돌,CATALYZED_WASH,0,
1303,forge__tool_08__wash_03,tool_08|wash_03,tool_08,표본 상자,wash_03,빈 껍질,CATALYST,tool_08,갈무리한,wash_03,껍질,RESULT_CLASS,CATALYZED_WASH,,,갈무리한 껍질,CATALYZED_WASH,0,
1304,forge__tool_08__wash_04,tool_08|wash_04,tool_08,표본 상자,wash_04,지워진 자국,CATALYST,tool_08,갈무리한,wash_04,자국,RESULT_CLASS,CATALYZED_WASH,,,갈무리한 자국,CATALYZED_WASH,0,
1305,forge__tool_08__wash_05,tool_08|wash_05,tool_08,표본 상자,wash_05,가라앉은 앙금,CATALYST,tool_08,갈무리한,wash_05,앙금,RESULT_CLASS,CATALYZED_WASH,,,갈무리한 앙금,CATALYZED_WASH,0,
1306,forge__tool_09__tool_10,tool_09|tool_10,tool_09,갱도 지도,tool_10,손수레,EQUIPMENT,tool_09,그려진,tool_10,손수레,DOMAIN_PAIR,ROUTE|CARRY / EQUIPMENT_ROUTE_CARRY: 경로별 재료 표시,,,그려진 손수레,EQUIPMENT,0,
1307,forge__tool_09__wash_01,tool_09|wash_01,tool_09,갱도 지도,wash_01,맑은 눈물,CATALYST,tool_09,그려진,wash_01,눈물,RESULT_CLASS,CATALYZED_WASH,,,그려진 눈물,CATALYZED_WASH,0,
1308,forge__tool_09__wash_02,tool_09|wash_02,tool_09,갱도 지도,wash_02,닳은 돌,CATALYST,tool_09,그려진,wash_02,돌,RESULT_CLASS,CATALYZED_WASH,,,그려진 돌,CATALYZED_WASH,0,
1309,forge__tool_09__wash_03,tool_09|wash_03,tool_09,갱도 지도,wash_03,빈 껍질,CATALYST,tool_09,그려진,wash_03,껍질,RESULT_CLASS,CATALYZED_WASH,,,그려진 껍질,CATALYZED_WASH,0,
1310,forge__tool_09__wash_04,tool_09|wash_04,tool_09,갱도 지도,wash_04,지워진 자국,CATALYST,tool_09,그려진,wash_04,자국,RESULT_CLASS,CATALYZED_WASH,,,그려진 자국,CATALYZED_WASH,0,
1311,forge__tool_09__wash_05,tool_09|wash_05,tool_09,갱도 지도,wash_05,가라앉은 앙금,CATALYST,tool_09,그려진,wash_05,앙금,RESULT_CLASS,CATALYZED_WASH,,,그려진 앙금,CATALYZED_WASH,0,
1312,forge__tool_10__wash_01,tool_10|wash_01,tool_10,손수레,wash_01,맑은 눈물,CATALYST,tool_10,실려온,wash_01,눈물,RESULT_CLASS,CATALYZED_WASH,,,실려온 눈물,CATALYZED_WASH,0,
1313,forge__tool_10__wash_02,tool_10|wash_02,tool_10,손수레,wash_02,닳은 돌,CATALYST,tool_10,실려온,wash_02,돌,RESULT_CLASS,CATALYZED_WASH,,,실려온 돌,CATALYZED_WASH,0,
1314,forge__tool_10__wash_03,tool_10|wash_03,tool_10,손수레,wash_03,빈 껍질,CATALYST,tool_10,실려온,wash_03,껍질,RESULT_CLASS,CATALYZED_WASH,,,실려온 껍질,CATALYZED_WASH,0,
1315,forge__tool_10__wash_04,tool_10|wash_04,tool_10,손수레,wash_04,지워진 자국,CATALYST,tool_10,실려온,wash_04,자국,RESULT_CLASS,CATALYZED_WASH,,,실려온 자국,CATALYZED_WASH,0,
1316,forge__tool_10__wash_05,tool_10|wash_05,tool_10,손수레,wash_05,가라앉은 앙금,CATALYST,tool_10,실려온,wash_05,앙금,RESULT_CLASS,CATALYZED_WASH,,,실려온 앙금,CATALYZED_WASH,0,
1317,forge__wash_01__wash_02,wash_01|wash_02,wash_01,맑은 눈물,wash_02,닳은 돌,LAW,wash_01,맑은,wash_02,돌,LAW,WASH|WASH,WASH|WASH,정화가 겹치면 모든 상태가 비워진다.,맑은 돌,EMPTIED,0,
1318,forge__wash_01__wash_03,wash_01|wash_03,wash_01,맑은 눈물,wash_03,빈 껍질,LAW,wash_01,맑은,wash_03,껍질,LAW,WASH|WASH,WASH|WASH,정화가 겹치면 모든 상태가 비워진다.,맑은 껍질,EMPTIED,0,
1319,forge__wash_01__wash_04,wash_01|wash_04,wash_01,맑은 눈물,wash_04,지워진 자국,LAW,wash_01,맑은,wash_04,자국,LAW,WASH|WASH,WASH|WASH,정화가 겹치면 모든 상태가 비워진다.,맑은 자국,EMPTIED,0,
1320,forge__wash_01__wash_05,wash_01|wash_05,wash_01,맑은 눈물,wash_05,가라앉은 앙금,LAW,wash_01,맑은,wash_05,앙금,LAW,WASH|WASH,WASH|WASH,정화가 겹치면 모든 상태가 비워진다.,맑은 앙금,EMPTIED,0,
1321,forge__wash_02__wash_03,wash_02|wash_03,wash_02,닳은 돌,wash_03,빈 껍질,LAW,wash_02,닳은,wash_03,껍질,LAW,WASH|WASH,WASH|WASH,정화가 겹치면 모든 상태가 비워진다.,닳은 껍질,EMPTIED,0,
1322,forge__wash_02__wash_04,wash_02|wash_04,wash_02,닳은 돌,wash_04,지워진 자국,LAW,wash_02,닳은,wash_04,자국,LAW,WASH|WASH,WASH|WASH,정화가 겹치면 모든 상태가 비워진다.,닳은 자국,EMPTIED,0,
1323,forge__wash_02__wash_05,wash_02|wash_05,wash_02,닳은 돌,wash_05,가라앉은 앙금,LAW,wash_02,닳은,wash_05,앙금,LAW,WASH|WASH,WASH|WASH,정화가 겹치면 모든 상태가 비워진다.,닳은 앙금,EMPTIED,0,
1324,forge__wash_03__wash_04,wash_03|wash_04,wash_03,빈 껍질,wash_04,지워진 자국,LAW,wash_03,빈,wash_04,자국,LAW,WASH|WASH,WASH|WASH,정화가 겹치면 모든 상태가 비워진다.,빈 자국,EMPTIED,0,
1325,forge__wash_03__wash_05,wash_03|wash_05,wash_03,빈 껍질,wash_05,가라앉은 앙금,LAW,wash_03,빈,wash_05,앙금,LAW,WASH|WASH,WASH|WASH,정화가 겹치면 모든 상태가 비워진다.,빈 앙금,EMPTIED,0,
1326,forge__wash_04__wash_05,wash_04|wash_05,wash_04,지워진 자국,wash_05,가라앉은 앙금,LAW,wash_04,지워진,wash_05,앙금,LAW,WASH|WASH,WASH|WASH,정화가 겹치면 모든 상태가 비워진다.,지워진 앙금,EMPTIED,0,
